Entity,Code,Date,daily_vaccinations
Alabama,,2021-01-13,5906
Alabama,,2021-01-14,7083
Alabama,,2021-01-15,7478
Alabama,,2021-01-16,7498
Alabama,,2021-01-17,7509
Alabama,,2021-01-18,7517
Alabama,,2021-01-19,7523
Alabama,,2021-01-20,7880
Alabama,,2021-01-21,10517
Alabama,,2021-01-22,14107
Alabama,,2021-01-23,16202
Alabama,,2021-01-24,18294
Alabama,,2021-01-25,18196
Alabama,,2021-01-26,17738
Alabama,,2021-01-27,18178
Alabama,,2021-01-28,16153
Alabama,,2021-01-29,14514
Alabama,,2021-01-30,17271
Alabama,,2021-01-31,15748
Alabama,,2021-02-01,15381
Alabama,,2021-02-02,16703
Alabama,,2021-02-03,17414
Alabama,,2021-02-04,18491
Alabama,,2021-02-05,18526
Alabama,,2021-02-06,16105
Alabama,,2021-02-07,15480
Alabama,,2021-02-08,15622
Alabama,,2021-02-09,17012
Alabama,,2021-02-10,18209
Alabama,,2021-02-11,19258
Alabama,,2021-02-12,20074
Alabama,,2021-02-13,20855
Alabama,,2021-02-14,21417
Alabama,,2021-02-15,22405
Alabama,,2021-02-16,20816
Alabama,,2021-02-17,19174
Alabama,,2021-02-18,18400
Alabama,,2021-02-19,24002
Alabama,,2021-02-20,25111
Alabama,,2021-02-21,25194
Alabama,,2021-02-22,24164
Alabama,,2021-02-23,25489
Alabama,,2021-02-24,27098
Alabama,,2021-02-25,27531
Alabama,,2021-02-26,22104
Alabama,,2021-02-27,22022
Alabama,,2021-02-28,21984
Alabama,,2021-03-01,22111
Alabama,,2021-03-02,22436
Alabama,,2021-03-03,22904
Alabama,,2021-03-04,23916
Alaska,,2021-01-13,2842
Alaska,,2021-01-14,3379
Alaska,,2021-01-15,4400
Alaska,,2021-01-16,4381
Alaska,,2021-01-17,4369
Alaska,,2021-01-18,4362
Alaska,,2021-01-19,4356
Alaska,,2021-01-20,4230
Alaska,,2021-01-21,4187
Alaska,,2021-01-22,4580
Alaska,,2021-01-23,4997
Alaska,,2021-01-24,5225
Alaska,,2021-01-25,5003
Alaska,,2021-01-26,4545
Alaska,,2021-01-27,4758
Alaska,,2021-01-28,4850
Alaska,,2021-01-29,4186
Alaska,,2021-01-30,3846
Alaska,,2021-01-31,3619
Alaska,,2021-02-01,3570
Alaska,,2021-02-02,3613
Alaska,,2021-02-03,3453
Alaska,,2021-02-04,3440
Alaska,,2021-02-05,3372
Alaska,,2021-02-06,3411
Alaska,,2021-02-07,3785
Alaska,,2021-02-08,4131
Alaska,,2021-02-09,4204
Alaska,,2021-02-10,4356
Alaska,,2021-02-11,4620
Alaska,,2021-02-12,4776
Alaska,,2021-02-13,5142
Alaska,,2021-02-14,5393
Alaska,,2021-02-15,5212
Alaska,,2021-02-16,5448
Alaska,,2021-02-17,5337
Alaska,,2021-02-18,5268
Alaska,,2021-02-19,6970
Alaska,,2021-02-20,7466
Alaska,,2021-02-21,7330
Alaska,,2021-02-22,7266
Alaska,,2021-02-23,6988
Alaska,,2021-02-24,7148
Alaska,,2021-02-25,7201
Alaska,,2021-02-26,5444
Alaska,,2021-02-27,4591
Alaska,,2021-02-28,4229
Alaska,,2021-03-01,4304
Alaska,,2021-03-02,4288
Alaska,,2021-03-03,4243
Alaska,,2021-03-04,3905
American Samoa,ASM,2021-01-13,453
American Samoa,ASM,2021-01-14,424
American Samoa,ASM,2021-01-15,586
American Samoa,ASM,2021-01-16,494
American Samoa,ASM,2021-01-17,439
American Samoa,ASM,2021-01-18,402
American Samoa,ASM,2021-01-19,376
American Samoa,ASM,2021-01-20,391
American Samoa,ASM,2021-01-21,385
American Samoa,ASM,2021-01-22,384
American Samoa,ASM,2021-01-23,390
American Samoa,ASM,2021-01-24,532
American Samoa,ASM,2021-01-25,501
American Samoa,ASM,2021-01-26,508
American Samoa,ASM,2021-01-27,539
American Samoa,ASM,2021-01-28,489
American Samoa,ASM,2021-01-29,479
American Samoa,ASM,2021-01-30,442
American Samoa,ASM,2021-01-31,268
American Samoa,ASM,2021-02-01,388
American Samoa,ASM,2021-02-02,349
American Samoa,ASM,2021-02-03,283
American Samoa,ASM,2021-02-04,310
American Samoa,ASM,2021-02-05,301
American Samoa,ASM,2021-02-06,333
American Samoa,ASM,2021-02-07,333
American Samoa,ASM,2021-02-08,214
American Samoa,ASM,2021-02-09,274
American Samoa,ASM,2021-02-10,322
American Samoa,ASM,2021-02-11,322
American Samoa,ASM,2021-02-12,429
American Samoa,ASM,2021-02-13,446
American Samoa,ASM,2021-02-14,446
American Samoa,ASM,2021-02-15,498
American Samoa,ASM,2021-02-16,490
American Samoa,ASM,2021-02-17,422
American Samoa,ASM,2021-02-18,394
American Samoa,ASM,2021-02-19,177
American Samoa,ASM,2021-02-20,337
American Samoa,ASM,2021-02-21,485
American Samoa,ASM,2021-02-22,439
American Samoa,ASM,2021-02-23,387
American Samoa,ASM,2021-02-24,496
American Samoa,ASM,2021-02-25,496
American Samoa,ASM,2021-02-26,581
American Samoa,ASM,2021-02-27,371
American Samoa,ASM,2021-02-28,223
American Samoa,ASM,2021-03-01,217
American Samoa,ASM,2021-03-02,323
American Samoa,ASM,2021-03-03,191
American Samoa,ASM,2021-03-04,269
Arizona,,2021-01-13,13390
Arizona,,2021-01-14,16155
Arizona,,2021-01-15,18577
Arizona,,2021-01-16,18257
Arizona,,2021-01-17,18065
Arizona,,2021-01-18,17937
Arizona,,2021-01-19,17846
Arizona,,2021-01-20,18163
Arizona,,2021-01-21,18605
Arizona,,2021-01-22,18895
Arizona,,2021-01-23,20939
Arizona,,2021-01-24,22706
Arizona,,2021-01-25,23526
Arizona,,2021-01-26,23517
Arizona,,2021-01-27,25196
Arizona,,2021-01-28,26179
Arizona,,2021-01-29,27393
Arizona,,2021-01-30,28059
Arizona,,2021-01-31,29069
Arizona,,2021-02-01,29564
Arizona,,2021-02-02,28681
Arizona,,2021-02-03,28255
Arizona,,2021-02-04,28424
Arizona,,2021-02-05,28337
Arizona,,2021-02-06,29917
Arizona,,2021-02-07,30732
Arizona,,2021-02-08,31487
Arizona,,2021-02-09,33164
Arizona,,2021-02-10,34531
Arizona,,2021-02-11,36494
Arizona,,2021-02-12,38691
Arizona,,2021-02-13,39176
Arizona,,2021-02-14,39989
Arizona,,2021-02-15,40122
Arizona,,2021-02-16,41539
Arizona,,2021-02-17,38163
Arizona,,2021-02-18,37314
Arizona,,2021-02-19,55158
Arizona,,2021-02-20,54896
Arizona,,2021-02-21,54360
Arizona,,2021-02-22,54958
Arizona,,2021-02-23,53030
Arizona,,2021-02-24,55863
Arizona,,2021-02-25,57825
Arizona,,2021-02-26,42127
Arizona,,2021-02-27,43278
Arizona,,2021-02-28,46110
Arizona,,2021-03-01,48955
Arizona,,2021-03-02,51993
Arizona,,2021-03-03,53580
Arizona,,2021-03-04,53198
Arkansas,,2021-01-13,53975
Arkansas,,2021-01-14,33718
Arkansas,,2021-01-15,25820
Arkansas,,2021-01-16,20865
Arkansas,,2021-01-17,17892
Arkansas,,2021-01-18,15910
Arkansas,,2021-01-19,14494
Arkansas,,2021-01-20,11208
Arkansas,,2021-01-21,9285
Arkansas,,2021-01-22,11905
Arkansas,,2021-01-23,11048
Arkansas,,2021-01-24,11986
Arkansas,,2021-01-25,12108
Arkansas,,2021-01-26,13422
Arkansas,,2021-01-27,11359
Arkansas,,2021-01-28,11359
Arkansas,,2021-01-29,9760
Arkansas,,2021-01-30,12425
Arkansas,,2021-01-31,12793
Arkansas,,2021-02-01,12876
Arkansas,,2021-02-02,11169
Arkansas,,2021-02-03,9946
Arkansas,,2021-02-04,12200
Arkansas,,2021-02-05,11597
Arkansas,,2021-02-06,12289
Arkansas,,2021-02-07,12807
Arkansas,,2021-02-08,12919
Arkansas,,2021-02-09,12808
Arkansas,,2021-02-10,13658
Arkansas,,2021-02-11,13225
Arkansas,,2021-02-12,13710
Arkansas,,2021-02-13,11816
Arkansas,,2021-02-14,11299
Arkansas,,2021-02-15,10903
Arkansas,,2021-02-16,11330
Arkansas,,2021-02-17,9842
Arkansas,,2021-02-18,8562
Arkansas,,2021-02-19,10018
Arkansas,,2021-02-20,9074
Arkansas,,2021-02-21,7990
Arkansas,,2021-02-22,8204
Arkansas,,2021-02-23,8108
Arkansas,,2021-02-24,9645
Arkansas,,2021-02-25,11688
Arkansas,,2021-02-26,11531
Arkansas,,2021-02-27,14537
Arkansas,,2021-02-28,17263
Arkansas,,2021-03-01,18023
Arkansas,,2021-03-02,18660
Arkansas,,2021-03-03,18995
Arkansas,,2021-03-04,18831
Bureau of Prisons,,2021-01-13,1031
Bureau of Prisons,,2021-01-14,728
Bureau of Prisons,,2021-01-15,674
Bureau of Prisons,,2021-01-16,564
Bureau of Prisons,,2021-01-17,499
Bureau of Prisons,,2021-01-18,455
Bureau of Prisons,,2021-01-19,424
Bureau of Prisons,,2021-01-20,483
Bureau of Prisons,,2021-01-21,674
Bureau of Prisons,,2021-01-22,661
Bureau of Prisons,,2021-01-23,918
Bureau of Prisons,,2021-01-24,989
Bureau of Prisons,,2021-01-25,995
Bureau of Prisons,,2021-01-26,1126
Bureau of Prisons,,2021-01-27,1179
Bureau of Prisons,,2021-01-28,1097
Bureau of Prisons,,2021-01-29,1206
Bureau of Prisons,,2021-01-30,1086
Bureau of Prisons,,2021-01-31,1029
Bureau of Prisons,,2021-02-01,989
Bureau of Prisons,,2021-02-02,977
Bureau of Prisons,,2021-02-03,990
Bureau of Prisons,,2021-02-04,1097
Bureau of Prisons,,2021-02-05,1201
Bureau of Prisons,,2021-02-06,1239
Bureau of Prisons,,2021-02-07,1293
Bureau of Prisons,,2021-02-08,1293
Bureau of Prisons,,2021-02-09,1242
Bureau of Prisons,,2021-02-10,1214
Bureau of Prisons,,2021-02-11,1140
Bureau of Prisons,,2021-02-12,1065
Bureau of Prisons,,2021-02-13,1044
Bureau of Prisons,,2021-02-14,1033
Bureau of Prisons,,2021-02-15,1071
Bureau of Prisons,,2021-02-16,1007
Bureau of Prisons,,2021-02-17,838
Bureau of Prisons,,2021-02-18,696
Bureau of Prisons,,2021-02-19,614
Bureau of Prisons,,2021-02-20,592
Bureau of Prisons,,2021-02-21,672
Bureau of Prisons,,2021-02-22,646
Bureau of Prisons,,2021-02-23,665
Bureau of Prisons,,2021-02-24,731
Bureau of Prisons,,2021-02-25,864
Bureau of Prisons,,2021-02-26,1069
Bureau of Prisons,,2021-02-27,1166
Bureau of Prisons,,2021-02-28,1145
Bureau of Prisons,,2021-03-01,1134
Bureau of Prisons,,2021-03-02,1180
Bureau of Prisons,,2021-03-03,1288
Bureau of Prisons,,2021-03-04,1611
California,,2021-01-13,75188
California,,2021-01-14,79496
California,,2021-01-15,85553
California,,2021-01-16,88381
California,,2021-01-17,90079
California,,2021-01-18,91210
California,,2021-01-19,92018
California,,2021-01-20,91549
California,,2021-01-21,94083
California,,2021-01-22,104389
California,,2021-01-23,119770
California,,2021-01-24,133316
California,,2021-01-25,138153
California,,2021-01-26,140878
California,,2021-01-27,149620
California,,2021-01-28,159000
California,,2021-01-29,158126
California,,2021-01-30,155366
California,,2021-01-31,155063
California,,2021-02-01,160379
California,,2021-02-02,156749
California,,2021-02-03,155950
California,,2021-02-04,139561
California,,2021-02-05,144296
California,,2021-02-06,148831
California,,2021-02-07,171402
California,,2021-02-08,175654
California,,2021-02-09,177237
California,,2021-02-10,183712
California,,2021-02-11,201580
California,,2021-02-12,202925
California,,2021-02-13,203565
California,,2021-02-14,190746
California,,2021-02-15,190404
California,,2021-02-16,203788
California,,2021-02-17,195102
California,,2021-02-18,194468
California,,2021-02-19,231928
California,,2021-02-20,234166
California,,2021-02-21,233297
California,,2021-02-22,227005
California,,2021-02-23,216733
California,,2021-02-24,221857
California,,2021-02-25,223997
California,,2021-02-26,192335
California,,2021-02-27,194965
California,,2021-02-28,195368
California,,2021-03-01,214479
California,,2021-03-02,252715
California,,2021-03-03,265023
California,,2021-03-04,256584
Colorado,,2021-01-13,15237
Colorado,,2021-01-14,15139
Colorado,,2021-01-15,15935
Colorado,,2021-01-16,15580
Colorado,,2021-01-17,15367
Colorado,,2021-01-18,15225
Colorado,,2021-01-19,15123
Colorado,,2021-01-20,14396
Colorado,,2021-01-21,14070
Colorado,,2021-01-22,15007
Colorado,,2021-01-23,12934
Colorado,,2021-01-24,19033
Colorado,,2021-01-25,18872
Colorado,,2021-01-26,18208
Colorado,,2021-01-27,19156
Colorado,,2021-01-28,20359
Colorado,,2021-01-29,20657
Colorado,,2021-01-30,24010
Colorado,,2021-01-31,19248
Colorado,,2021-02-01,20272
Colorado,,2021-02-02,20514
Colorado,,2021-02-03,20371
Colorado,,2021-02-04,20460
Colorado,,2021-02-05,19975
Colorado,,2021-02-06,21358
Colorado,,2021-02-07,22952
Colorado,,2021-02-08,23168
Colorado,,2021-02-09,22316
Colorado,,2021-02-10,24274
Colorado,,2021-02-11,25169
Colorado,,2021-02-12,26131
Colorado,,2021-02-13,27246
Colorado,,2021-02-14,28130
Colorado,,2021-02-15,30249
Colorado,,2021-02-16,34720
Colorado,,2021-02-17,33875
Colorado,,2021-02-18,33990
Colorado,,2021-02-19,41118
Colorado,,2021-02-20,40331
Colorado,,2021-02-21,39336
Colorado,,2021-02-22,38285
Colorado,,2021-02-23,33267
Colorado,,2021-02-24,34876
Colorado,,2021-02-25,34456
Colorado,,2021-02-26,27248
Colorado,,2021-02-27,22403
Colorado,,2021-02-28,24202
Colorado,,2021-03-01,25887
Colorado,,2021-03-02,27913
Colorado,,2021-03-03,27679
Colorado,,2021-03-04,28668
Connecticut,,2021-01-13,10480
Connecticut,,2021-01-14,10251
Connecticut,,2021-01-15,11490
Connecticut,,2021-01-16,11346
Connecticut,,2021-01-17,11260
Connecticut,,2021-01-18,11202
Connecticut,,2021-01-19,11161
Connecticut,,2021-01-20,11609
Connecticut,,2021-01-21,13259
Connecticut,,2021-01-22,14511
Connecticut,,2021-01-23,15716
Connecticut,,2021-01-24,16292
Connecticut,,2021-01-25,16094
Connecticut,,2021-01-26,16160
Connecticut,,2021-01-27,16836
Connecticut,,2021-01-28,16636
Connecticut,,2021-01-29,16561
Connecticut,,2021-01-30,16342
Connecticut,,2021-01-31,16444
Connecticut,,2021-02-01,16856
Connecticut,,2021-02-02,16207
Connecticut,,2021-02-03,14860
Connecticut,,2021-02-04,14381
Connecticut,,2021-02-05,14140
Connecticut,,2021-02-06,14030
Connecticut,,2021-02-07,13871
Connecticut,,2021-02-08,13309
Connecticut,,2021-02-09,14033
Connecticut,,2021-02-10,15677
Connecticut,,2021-02-11,16918
Connecticut,,2021-02-12,17762
Connecticut,,2021-02-13,19338
Connecticut,,2021-02-14,20109
Connecticut,,2021-02-15,21501
Connecticut,,2021-02-16,22403
Connecticut,,2021-02-17,23349
Connecticut,,2021-02-18,23848
Connecticut,,2021-02-19,27991
Connecticut,,2021-02-20,27579
Connecticut,,2021-02-21,26547
Connecticut,,2021-02-22,27122
Connecticut,,2021-02-23,25963
Connecticut,,2021-02-24,24835
Connecticut,,2021-02-25,22680
Connecticut,,2021-02-26,18791
Connecticut,,2021-02-27,18913
Connecticut,,2021-02-28,20562
Connecticut,,2021-03-01,21218
Connecticut,,2021-03-02,21039
Connecticut,,2021-03-03,21335
Connecticut,,2021-03-04,23052
Delaware,,2021-01-13,2003
Delaware,,2021-01-14,2340
Delaware,,2021-01-15,1560
Delaware,,2021-01-16,1887
Delaware,,2021-01-17,2083
Delaware,,2021-01-18,2213
Delaware,,2021-01-19,2307
Delaware,,2021-01-20,2461
Delaware,,2021-01-21,2611
Delaware,,2021-01-22,3310
Delaware,,2021-01-23,3724
Delaware,,2021-01-24,3909
Delaware,,2021-01-25,3889
Delaware,,2021-01-26,3707
Delaware,,2021-01-27,4544
Delaware,,2021-01-28,4703
Delaware,,2021-01-29,4720
Delaware,,2021-01-30,4641
Delaware,,2021-01-31,5110
Delaware,,2021-02-01,5112
Delaware,,2021-02-02,5038
Delaware,,2021-02-03,4299
Delaware,,2021-02-04,4071
Delaware,,2021-02-05,3847
Delaware,,2021-02-06,3709
Delaware,,2021-02-07,3353
Delaware,,2021-02-08,3422
Delaware,,2021-02-09,3393
Delaware,,2021-02-10,3225
Delaware,,2021-02-11,3227
Delaware,,2021-02-12,3195
Delaware,,2021-02-13,3375
Delaware,,2021-02-14,3287
Delaware,,2021-02-15,3252
Delaware,,2021-02-16,3552
Delaware,,2021-02-17,3571
Delaware,,2021-02-18,3782
Delaware,,2021-02-19,5531
Delaware,,2021-02-20,5500
Delaware,,2021-02-21,4929
Delaware,,2021-02-22,4927
Delaware,,2021-02-23,4890
Delaware,,2021-02-24,4961
Delaware,,2021-02-25,5098
Delaware,,2021-02-26,4063
Delaware,,2021-02-27,4591
Delaware,,2021-02-28,5482
Delaware,,2021-03-01,5925
Delaware,,2021-03-02,5543
Delaware,,2021-03-03,6833
Delaware,,2021-03-04,7237
Dept of Defense,,2021-01-13,554
Dept of Defense,,2021-01-14,20142
Dept of Defense,,2021-01-15,20682
Dept of Defense,,2021-01-16,18842
Dept of Defense,,2021-01-17,17738
Dept of Defense,,2021-01-18,17003
Dept of Defense,,2021-01-19,16477
Dept of Defense,,2021-01-20,16696
Dept of Defense,,2021-01-21,13536
Dept of Defense,,2021-01-22,13001
Dept of Defense,,2021-01-23,13823
Dept of Defense,,2021-01-24,15474
Dept of Defense,,2021-01-25,14961
Dept of Defense,,2021-01-26,13057
Dept of Defense,,2021-01-27,15592
Dept of Defense,,2021-01-28,16493
Dept of Defense,,2021-01-29,17604
Dept of Defense,,2021-01-30,19770
Dept of Defense,,2021-01-31,20675
Dept of Defense,,2021-02-01,19849
Dept of Defense,,2021-02-02,20600
Dept of Defense,,2021-02-03,20422
Dept of Defense,,2021-02-04,20132
Dept of Defense,,2021-02-05,20523
Dept of Defense,,2021-02-06,19825
Dept of Defense,,2021-02-07,20045
Dept of Defense,,2021-02-08,21115
Dept of Defense,,2021-02-09,20997
Dept of Defense,,2021-02-10,21207
Dept of Defense,,2021-02-11,21226
Dept of Defense,,2021-02-12,20337
Dept of Defense,,2021-02-13,19658
Dept of Defense,,2021-02-14,18608
Dept of Defense,,2021-02-15,17202
Dept of Defense,,2021-02-16,16797
Dept of Defense,,2021-02-17,14529
Dept of Defense,,2021-02-18,16009
Dept of Defense,,2021-02-19,15476
Dept of Defense,,2021-02-20,14929
Dept of Defense,,2021-02-21,14712
Dept of Defense,,2021-02-22,16079
Dept of Defense,,2021-02-23,16198
Dept of Defense,,2021-02-24,18271
Dept of Defense,,2021-02-25,16528
Dept of Defense,,2021-02-26,16962
Dept of Defense,,2021-02-27,18152
Dept of Defense,,2021-02-28,19717
Dept of Defense,,2021-03-01,18451
Dept of Defense,,2021-03-02,18257
Dept of Defense,,2021-03-03,18690
Dept of Defense,,2021-03-04,18942
District of Columbia,,2021-01-13,3237
District of Columbia,,2021-01-14,3434
District of Columbia,,2021-01-15,3374
District of Columbia,,2021-01-16,3159
District of Columbia,,2021-01-17,3030
District of Columbia,,2021-01-18,2944
District of Columbia,,2021-01-19,2882
District of Columbia,,2021-01-20,2669
District of Columbia,,2021-01-21,2633
District of Columbia,,2021-01-22,2419
District of Columbia,,2021-01-23,2478
District of Columbia,,2021-01-24,2490
District of Columbia,,2021-01-25,2388
District of Columbia,,2021-01-26,2109
District of Columbia,,2021-01-27,2336
District of Columbia,,2021-01-28,2247
District of Columbia,,2021-01-29,2352
District of Columbia,,2021-01-30,2411
District of Columbia,,2021-01-31,2591
District of Columbia,,2021-02-01,2618
District of Columbia,,2021-02-02,2686
District of Columbia,,2021-02-03,2426
District of Columbia,,2021-02-04,3322
District of Columbia,,2021-02-05,3648
District of Columbia,,2021-02-06,3623
District of Columbia,,2021-02-07,3613
District of Columbia,,2021-02-08,3708
District of Columbia,,2021-02-09,3560
District of Columbia,,2021-02-10,3344
District of Columbia,,2021-02-11,2518
District of Columbia,,2021-02-12,2178
District of Columbia,,2021-02-13,2033
District of Columbia,,2021-02-14,2213
District of Columbia,,2021-02-15,2204
District of Columbia,,2021-02-16,2575
District of Columbia,,2021-02-17,2855
District of Columbia,,2021-02-18,2674
District of Columbia,,2021-02-19,6143
District of Columbia,,2021-02-20,6197
District of Columbia,,2021-02-21,5909
District of Columbia,,2021-02-22,5757
District of Columbia,,2021-02-23,5746
District of Columbia,,2021-02-24,5983
District of Columbia,,2021-02-25,6085
District of Columbia,,2021-02-26,2705
District of Columbia,,2021-02-27,3587
District of Columbia,,2021-02-28,4582
District of Columbia,,2021-03-01,4834
District of Columbia,,2021-03-02,4641
District of Columbia,,2021-03-03,4535
District of Columbia,,2021-03-04,4913
Federated States of Micronesia,,2021-01-13,141
Federated States of Micronesia,,2021-01-14,90
Federated States of Micronesia,,2021-01-15,90
Federated States of Micronesia,,2021-01-16,114
Federated States of Micronesia,,2021-01-17,128
Federated States of Micronesia,,2021-01-18,138
Federated States of Micronesia,,2021-01-19,145
Federated States of Micronesia,,2021-01-20,170
Federated States of Micronesia,,2021-01-21,212
Federated States of Micronesia,,2021-01-22,260
Federated States of Micronesia,,2021-01-23,268
Federated States of Micronesia,,2021-01-24,241
Federated States of Micronesia,,2021-01-25,215
Federated States of Micronesia,,2021-01-26,220
Federated States of Micronesia,,2021-01-27,212
Federated States of Micronesia,,2021-01-28,202
Federated States of Micronesia,,2021-01-29,207
Federated States of Micronesia,,2021-01-30,173
Federated States of Micronesia,,2021-01-31,173
Federated States of Micronesia,,2021-02-01,336
Federated States of Micronesia,,2021-02-02,393
Federated States of Micronesia,,2021-02-03,430
Federated States of Micronesia,,2021-02-04,457
Federated States of Micronesia,,2021-02-05,434
Federated States of Micronesia,,2021-02-06,481
Federated States of Micronesia,,2021-02-07,493
Federated States of Micronesia,,2021-02-08,334
Federated States of Micronesia,,2021-02-09,286
Federated States of Micronesia,,2021-02-10,252
Federated States of Micronesia,,2021-02-11,238
Federated States of Micronesia,,2021-02-12,249
Federated States of Micronesia,,2021-02-13,271
Federated States of Micronesia,,2021-02-14,286
Federated States of Micronesia,,2021-02-15,321
Federated States of Micronesia,,2021-02-16,322
Federated States of Micronesia,,2021-02-17,369
Federated States of Micronesia,,2021-02-18,393
Federated States of Micronesia,,2021-02-19,406
Federated States of Micronesia,,2021-02-20,337
Federated States of Micronesia,,2021-02-21,397
Federated States of Micronesia,,2021-02-22,357
Federated States of Micronesia,,2021-02-23,317
Federated States of Micronesia,,2021-02-24,342
Federated States of Micronesia,,2021-02-25,314
Federated States of Micronesia,,2021-02-26,318
Federated States of Micronesia,,2021-02-27,390
Federated States of Micronesia,,2021-02-28,360
Federated States of Micronesia,,2021-03-01,404
Federated States of Micronesia,,2021-03-02,501
Federated States of Micronesia,,2021-03-03,456
Federated States of Micronesia,,2021-03-04,465
Florida,,2021-01-13,71958
Florida,,2021-01-14,70522
Florida,,2021-01-15,73214
Florida,,2021-01-16,75010
Florida,,2021-01-17,76089
Florida,,2021-01-18,76807
Florida,,2021-01-19,77321
Florida,,2021-01-20,76368
Florida,,2021-01-21,66499
Florida,,2021-01-22,65899
Florida,,2021-01-23,79360
Florida,,2021-01-24,75844
Florida,,2021-01-25,64359
Florida,,2021-01-26,57258
Florida,,2021-01-27,56074
Florida,,2021-01-28,66754
Florida,,2021-01-29,68838
Florida,,2021-01-30,57314
Florida,,2021-01-31,59262
Florida,,2021-02-01,65798
Florida,,2021-02-02,67522
Florida,,2021-02-03,71525
Florida,,2021-02-04,73786
Florida,,2021-02-05,66357
Florida,,2021-02-06,70806
Florida,,2021-02-07,92557
Florida,,2021-02-08,86021
Florida,,2021-02-09,97594
Florida,,2021-02-10,100338
Florida,,2021-02-11,104854
Florida,,2021-02-12,136471
Florida,,2021-02-13,137942
Florida,,2021-02-14,122904
Florida,,2021-02-15,132271
Florida,,2021-02-16,123957
Florida,,2021-02-17,123862
Florida,,2021-02-18,123071
Florida,,2021-02-19,140344
Florida,,2021-02-20,122067
Florida,,2021-02-21,131314
Florida,,2021-02-22,122457
Florida,,2021-02-23,115287
Florida,,2021-02-24,114305
Florida,,2021-02-25,112282
Florida,,2021-02-26,72297
Florida,,2021-02-27,88065
Florida,,2021-02-28,93910
Florida,,2021-03-01,93905
Florida,,2021-03-02,95984
Florida,,2021-03-03,94949
Florida,,2021-03-04,101286
Georgia,GEO,2021-01-13,28185
Georgia,GEO,2021-01-14,30367
Georgia,GEO,2021-01-15,20245
Georgia,GEO,2021-01-16,20248
Georgia,GEO,2021-01-17,20250
Georgia,GEO,2021-01-18,20251
Georgia,GEO,2021-01-19,20252
Georgia,GEO,2021-01-20,28327
Georgia,GEO,2021-01-21,31794
Georgia,GEO,2021-01-22,53169
Georgia,GEO,2021-01-23,50358
Georgia,GEO,2021-01-24,47464
Georgia,GEO,2021-01-25,44570
Georgia,GEO,2021-01-26,50893
Georgia,GEO,2021-01-27,45117
Georgia,GEO,2021-01-28,44336
Georgia,GEO,2021-01-29,29544
Georgia,GEO,2021-01-30,36097
Georgia,GEO,2021-01-31,43160
Georgia,GEO,2021-02-01,46636
Georgia,GEO,2021-02-02,38782
Georgia,GEO,2021-02-03,37453
Georgia,GEO,2021-02-04,34833
Georgia,GEO,2021-02-05,34476
Georgia,GEO,2021-02-06,34588
Georgia,GEO,2021-02-07,34263
Georgia,GEO,2021-02-08,33889
Georgia,GEO,2021-02-09,34269
Georgia,GEO,2021-02-10,35545
Georgia,GEO,2021-02-11,37854
Georgia,GEO,2021-02-12,31628
Georgia,GEO,2021-02-13,32847
Georgia,GEO,2021-02-14,41671
Georgia,GEO,2021-02-15,41120
Georgia,GEO,2021-02-16,41927
Georgia,GEO,2021-02-17,35656
Georgia,GEO,2021-02-18,42314
Georgia,GEO,2021-02-19,63968
Georgia,GEO,2021-02-20,65423
Georgia,GEO,2021-02-21,59020
Georgia,GEO,2021-02-22,59729
Georgia,GEO,2021-02-23,58141
Georgia,GEO,2021-02-24,63689
Georgia,GEO,2021-02-25,56090
Georgia,GEO,2021-02-26,41854
Georgia,GEO,2021-02-27,40474
Georgia,GEO,2021-02-28,31656
Georgia,GEO,2021-03-01,28421
Georgia,GEO,2021-03-02,29231
Georgia,GEO,2021-03-03,30608
Georgia,GEO,2021-03-04,32206
Guam,GUM,2021-01-13,0
Guam,GUM,2021-01-14,0
Guam,GUM,2021-01-15,0
Guam,GUM,2021-01-16,0
Guam,GUM,2021-01-17,0
Guam,GUM,2021-01-18,0
Guam,GUM,2021-01-19,0
Guam,GUM,2021-01-20,0
Guam,GUM,2021-01-21,0
Guam,GUM,2021-01-22,0
Guam,GUM,2021-01-23,0
Guam,GUM,2021-01-24,0
Guam,GUM,2021-01-25,0
Guam,GUM,2021-01-26,1931
Guam,GUM,2021-01-27,2067
Guam,GUM,2021-01-28,2247
Guam,GUM,2021-01-29,2495
Guam,GUM,2021-01-30,2666
Guam,GUM,2021-01-31,2666
Guam,GUM,2021-02-01,2808
Guam,GUM,2021-02-02,1072
Guam,GUM,2021-02-03,1115
Guam,GUM,2021-02-04,935
Guam,GUM,2021-02-05,874
Guam,GUM,2021-02-06,929
Guam,GUM,2021-02-07,1017
Guam,GUM,2021-02-08,896
Guam,GUM,2021-02-09,873
Guam,GUM,2021-02-10,911
Guam,GUM,2021-02-11,1132
Guam,GUM,2021-02-12,1221
Guam,GUM,2021-02-13,1256
Guam,GUM,2021-02-14,1293
Guam,GUM,2021-02-15,1335
Guam,GUM,2021-02-16,1226
Guam,GUM,2021-02-17,1223
Guam,GUM,2021-02-18,1240
Guam,GUM,2021-02-19,1569
Guam,GUM,2021-02-20,1520
Guam,GUM,2021-02-21,1408
Guam,GUM,2021-02-22,1503
Guam,GUM,2021-02-23,1571
Guam,GUM,2021-02-24,1501
Guam,GUM,2021-02-25,1427
Guam,GUM,2021-02-26,829
Guam,GUM,2021-02-27,837
Guam,GUM,2021-02-28,962
Guam,GUM,2021-03-01,810
Guam,GUM,2021-03-02,700
Guam,GUM,2021-03-03,560
Guam,GUM,2021-03-04,496
Hawaii,,2021-01-13,3122
Hawaii,,2021-01-14,7251
Hawaii,,2021-01-15,4492
Hawaii,,2021-01-16,4431
Hawaii,,2021-01-17,4395
Hawaii,,2021-01-18,4370
Hawaii,,2021-01-19,4353
Hawaii,,2021-01-20,5048
Hawaii,,2021-01-21,4490
Hawaii,,2021-01-22,5405
Hawaii,,2021-01-23,4798
Hawaii,,2021-01-24,4191
Hawaii,,2021-01-25,4627
Hawaii,,2021-01-26,4258
Hawaii,,2021-01-27,3678
Hawaii,,2021-01-28,3504
Hawaii,,2021-01-29,3767
Hawaii,,2021-01-30,5101
Hawaii,,2021-01-31,6354
Hawaii,,2021-02-01,6249
Hawaii,,2021-02-02,6308
Hawaii,,2021-02-03,6571
Hawaii,,2021-02-04,6738
Hawaii,,2021-02-05,8364
Hawaii,,2021-02-06,8365
Hawaii,,2021-02-07,8254
Hawaii,,2021-02-08,8314
Hawaii,,2021-02-09,8017
Hawaii,,2021-02-10,7193
Hawaii,,2021-02-11,7073
Hawaii,,2021-02-12,5585
Hawaii,,2021-02-13,5532
Hawaii,,2021-02-14,5449
Hawaii,,2021-02-15,5306
Hawaii,,2021-02-16,6162
Hawaii,,2021-02-17,6669
Hawaii,,2021-02-18,6682
Hawaii,,2021-02-19,13223
Hawaii,,2021-02-20,13564
Hawaii,,2021-02-21,13968
Hawaii,,2021-02-22,14306
Hawaii,,2021-02-23,13775
Hawaii,,2021-02-24,14151
Hawaii,,2021-02-25,14501
Hawaii,,2021-02-26,8248
Hawaii,,2021-02-27,8288
Hawaii,,2021-02-28,8547
Hawaii,,2021-03-01,8332
Hawaii,,2021-03-02,8453
Hawaii,,2021-03-03,8489
Hawaii,,2021-03-04,8910
Idaho,,2021-01-13,3027
Idaho,,2021-01-14,3370
Idaho,,2021-01-15,3597
Idaho,,2021-01-16,3781
Idaho,,2021-01-17,3892
Idaho,,2021-01-18,3966
Idaho,,2021-01-19,4019
Idaho,,2021-01-20,4342
Idaho,,2021-01-21,4398
Idaho,,2021-01-22,4479
Idaho,,2021-01-23,4524
Idaho,,2021-01-24,4546
Idaho,,2021-01-25,4519
Idaho,,2021-01-26,4256
Idaho,,2021-01-27,3961
Idaho,,2021-01-28,4204
Idaho,,2021-01-29,4412
Idaho,,2021-01-30,4584
Idaho,,2021-01-31,4822
Idaho,,2021-02-01,4729
Idaho,,2021-02-02,4697
Idaho,,2021-02-03,5056
Idaho,,2021-02-04,5585
Idaho,,2021-02-05,7217
Idaho,,2021-02-06,8784
Idaho,,2021-02-07,9257
Idaho,,2021-02-08,10173
Idaho,,2021-02-09,10311
Idaho,,2021-02-10,10428
Idaho,,2021-02-11,10309
Idaho,,2021-02-12,7810
Idaho,,2021-02-13,6481
Idaho,,2021-02-14,8088
Idaho,,2021-02-15,8196
Idaho,,2021-02-16,9257
Idaho,,2021-02-17,9256
Idaho,,2021-02-18,9202
Idaho,,2021-02-19,12941
Idaho,,2021-02-20,13126
Idaho,,2021-02-21,12006
Idaho,,2021-02-22,11898
Idaho,,2021-02-23,10974
Idaho,,2021-02-24,10909
Idaho,,2021-02-25,11216
Idaho,,2021-02-26,8924
Idaho,,2021-02-27,9276
Idaho,,2021-02-28,9433
Idaho,,2021-03-01,9715
Idaho,,2021-03-02,9885
Idaho,,2021-03-03,10346
Idaho,,2021-03-04,10173
Illinois,,2021-01-13,18854
Illinois,,2021-01-14,28330
Illinois,,2021-01-15,30253
Illinois,,2021-01-16,28158
Illinois,,2021-01-17,26902
Illinois,,2021-01-18,26064
Illinois,,2021-01-19,25465
Illinois,,2021-01-20,24867
Illinois,,2021-01-21,23837
Illinois,,2021-01-22,24248
Illinois,,2021-01-23,27873
Illinois,,2021-01-24,31080
Illinois,,2021-01-25,31402
Illinois,,2021-01-26,30390
Illinois,,2021-01-27,32390
Illinois,,2021-01-28,36114
Illinois,,2021-01-29,39571
Illinois,,2021-01-30,42007
Illinois,,2021-01-31,44626
Illinois,,2021-02-01,47373
Illinois,,2021-02-02,47870
Illinois,,2021-02-03,48845
Illinois,,2021-02-04,50721
Illinois,,2021-02-05,51860
Illinois,,2021-02-06,54451
Illinois,,2021-02-07,55733
Illinois,,2021-02-08,57554
Illinois,,2021-02-09,57815
Illinois,,2021-02-10,61601
Illinois,,2021-02-11,60923
Illinois,,2021-02-12,61067
Illinois,,2021-02-13,63229
Illinois,,2021-02-14,64663
Illinois,,2021-02-15,63802
Illinois,,2021-02-16,68086
Illinois,,2021-02-17,65188
Illinois,,2021-02-18,61794
Illinois,,2021-02-19,71364
Illinois,,2021-02-20,69845
Illinois,,2021-02-21,69331
Illinois,,2021-02-22,64299
Illinois,,2021-02-23,65950
Illinois,,2021-02-24,66469
Illinois,,2021-02-25,68866
Illinois,,2021-02-26,66470
Illinois,,2021-02-27,67681
Illinois,,2021-02-28,69238
Illinois,,2021-03-01,78880
Illinois,,2021-03-02,77559
Illinois,,2021-03-03,80143
Illinois,,2021-03-04,84036
Indian Health Svc,,2021-01-13,6075
Indian Health Svc,,2021-01-14,6670
Indian Health Svc,,2021-01-15,7286
Indian Health Svc,,2021-01-16,6333
Indian Health Svc,,2021-01-17,5761
Indian Health Svc,,2021-01-18,5380
Indian Health Svc,,2021-01-19,5108
Indian Health Svc,,2021-01-20,4930
Indian Health Svc,,2021-01-21,5082
Indian Health Svc,,2021-01-22,4756
Indian Health Svc,,2021-01-23,7137
Indian Health Svc,,2021-01-24,8084
Indian Health Svc,,2021-01-25,7838
Indian Health Svc,,2021-01-26,7735
Indian Health Svc,,2021-01-27,8113
Indian Health Svc,,2021-01-28,8990
Indian Health Svc,,2021-01-29,9654
Indian Health Svc,,2021-01-30,7326
Indian Health Svc,,2021-01-31,7995
Indian Health Svc,,2021-02-01,7876
Indian Health Svc,,2021-02-02,7986
Indian Health Svc,,2021-02-03,8333
Indian Health Svc,,2021-02-04,8338
Indian Health Svc,,2021-02-05,7602
Indian Health Svc,,2021-02-06,11586
Indian Health Svc,,2021-02-07,10327
Indian Health Svc,,2021-02-08,11525
Indian Health Svc,,2021-02-09,11885
Indian Health Svc,,2021-02-10,11803
Indian Health Svc,,2021-02-11,12392
Indian Health Svc,,2021-02-12,14664
Indian Health Svc,,2021-02-13,12391
Indian Health Svc,,2021-02-14,13796
Indian Health Svc,,2021-02-15,12944
Indian Health Svc,,2021-02-16,12558
Indian Health Svc,,2021-02-17,12017
Indian Health Svc,,2021-02-18,10883
Indian Health Svc,,2021-02-19,8581
Indian Health Svc,,2021-02-20,7039
Indian Health Svc,,2021-02-21,6774
Indian Health Svc,,2021-02-22,8561
Indian Health Svc,,2021-02-23,10012
Indian Health Svc,,2021-02-24,11113
Indian Health Svc,,2021-02-25,12459
Indian Health Svc,,2021-02-26,15633
Indian Health Svc,,2021-02-27,17872
Indian Health Svc,,2021-02-28,18231
Indian Health Svc,,2021-03-01,18198
Indian Health Svc,,2021-03-02,17477
Indian Health Svc,,2021-03-03,17089
Indian Health Svc,,2021-03-04,16373
Indiana,,2021-01-13,19490
Indiana,,2021-01-14,20822
Indiana,,2021-01-15,22822
Indiana,,2021-01-16,21765
Indiana,,2021-01-17,21131
Indiana,,2021-01-18,20708
Indiana,,2021-01-19,20406
Indiana,,2021-01-20,20722
Indiana,,2021-01-21,21950
Indiana,,2021-01-22,21974
Indiana,,2021-01-23,23875
Indiana,,2021-01-24,21219
Indiana,,2021-01-25,25109
Indiana,,2021-01-26,23448
Indiana,,2021-01-27,23971
Indiana,,2021-01-28,23572
Indiana,,2021-01-29,23885
Indiana,,2021-01-30,23022
Indiana,,2021-01-31,23022
Indiana,,2021-02-01,16476
Indiana,,2021-02-02,16209
Indiana,,2021-02-03,16224
Indiana,,2021-02-04,17007
Indiana,,2021-02-05,18509
Indiana,,2021-02-06,20369
Indiana,,2021-02-07,20369
Indiana,,2021-02-08,20369
Indiana,,2021-02-09,21254
Indiana,,2021-02-10,22565
Indiana,,2021-02-11,22977
Indiana,,2021-02-12,23240
Indiana,,2021-02-13,38430
Indiana,,2021-02-14,44158
Indiana,,2021-02-15,46507
Indiana,,2021-02-16,47242
Indiana,,2021-02-17,45387
Indiana,,2021-02-18,41992
Indiana,,2021-02-19,45789
Indiana,,2021-02-20,30805
Indiana,,2021-02-21,30138
Indiana,,2021-02-22,31003
Indiana,,2021-02-23,29588
Indiana,,2021-02-24,35377
Indiana,,2021-02-25,47617
Indiana,,2021-02-26,44421
Indiana,,2021-02-27,45361
Indiana,,2021-02-28,45786
Indiana,,2021-03-01,46116
Indiana,,2021-03-02,46529
Indiana,,2021-03-03,42373
Indiana,,2021-03-04,34034
Iowa,,2021-01-13,13402
Iowa,,2021-01-14,6701
Iowa,,2021-01-15,7431
Iowa,,2021-01-16,7071
Iowa,,2021-01-17,6856
Iowa,,2021-01-18,6712
Iowa,,2021-01-19,6609
Iowa,,2021-01-20,5394
Iowa,,2021-01-21,6664
Iowa,,2021-01-22,7089
Iowa,,2021-01-23,7591
Iowa,,2021-01-24,8316
Iowa,,2021-01-25,8177
Iowa,,2021-01-26,7575
Iowa,,2021-01-27,7764
Iowa,,2021-01-28,7679
Iowa,,2021-01-29,7677
Iowa,,2021-01-30,8252
Iowa,,2021-01-31,8717
Iowa,,2021-02-01,8752
Iowa,,2021-02-02,8791
Iowa,,2021-02-03,8940
Iowa,,2021-02-04,9536
Iowa,,2021-02-05,9861
Iowa,,2021-02-06,10093
Iowa,,2021-02-07,10887
Iowa,,2021-02-08,12555
Iowa,,2021-02-09,13183
Iowa,,2021-02-10,14569
Iowa,,2021-02-11,15445
Iowa,,2021-02-12,16457
Iowa,,2021-02-13,17707
Iowa,,2021-02-14,18300
Iowa,,2021-02-15,17966
Iowa,,2021-02-16,19130
Iowa,,2021-02-17,18104
Iowa,,2021-02-18,17183
Iowa,,2021-02-19,20590
Iowa,,2021-02-20,20700
Iowa,,2021-02-21,20425
Iowa,,2021-02-22,20011
Iowa,,2021-02-23,18460
Iowa,,2021-02-24,18033
Iowa,,2021-02-25,17644
Iowa,,2021-02-26,14481
Iowa,,2021-02-27,15317
Iowa,,2021-02-28,16224
Iowa,,2021-03-01,17665
Iowa,,2021-03-02,17969
Iowa,,2021-03-03,18878
Iowa,,2021-03-04,20308
Kansas,,2021-01-13,7382
Kansas,,2021-01-14,6648
Kansas,,2021-01-15,6504
Kansas,,2021-01-16,6169
Kansas,,2021-01-17,5968
Kansas,,2021-01-18,5834
Kansas,,2021-01-19,5738
Kansas,,2021-01-20,5294
Kansas,,2021-01-21,5553
Kansas,,2021-01-22,5616
Kansas,,2021-01-23,5995
Kansas,,2021-01-24,6163
Kansas,,2021-01-25,5921
Kansas,,2021-01-26,5758
Kansas,,2021-01-27,6527
Kansas,,2021-01-28,8552
Kansas,,2021-01-29,7635
Kansas,,2021-01-30,8802
Kansas,,2021-01-31,10031
Kansas,,2021-02-01,10311
Kansas,,2021-02-02,10351
Kansas,,2021-02-03,10395
Kansas,,2021-02-04,8732
Kansas,,2021-02-05,10441
Kansas,,2021-02-06,10533
Kansas,,2021-02-07,10688
Kansas,,2021-02-08,10886
Kansas,,2021-02-09,10625
Kansas,,2021-02-10,11215
Kansas,,2021-02-11,11643
Kansas,,2021-02-12,12445
Kansas,,2021-02-13,12520
Kansas,,2021-02-14,13386
Kansas,,2021-02-15,12932
Kansas,,2021-02-16,13096
Kansas,,2021-02-17,12215
Kansas,,2021-02-18,12129
Kansas,,2021-02-19,16568
Kansas,,2021-02-20,17264
Kansas,,2021-02-21,17050
Kansas,,2021-02-22,17302
Kansas,,2021-02-23,17162
Kansas,,2021-02-24,17963
Kansas,,2021-02-25,17801
Kansas,,2021-02-26,13437
Kansas,,2021-02-27,13537
Kansas,,2021-02-28,14348
Kansas,,2021-03-01,15173
Kansas,,2021-03-02,16024
Kansas,,2021-03-03,16288
Kansas,,2021-03-04,16959
Kentucky,,2021-01-13,10322
Kentucky,,2021-01-14,11750
Kentucky,,2021-01-15,14211
Kentucky,,2021-01-16,13239
Kentucky,,2021-01-17,12656
Kentucky,,2021-01-18,12267
Kentucky,,2021-01-19,11989
Kentucky,,2021-01-20,11644
Kentucky,,2021-01-21,11361
Kentucky,,2021-01-22,11342
Kentucky,,2021-01-23,12270
Kentucky,,2021-01-24,14871
Kentucky,,2021-01-25,14535
Kentucky,,2021-01-26,13736
Kentucky,,2021-01-27,14189
Kentucky,,2021-01-28,15294
Kentucky,,2021-01-29,16071
Kentucky,,2021-01-30,16434
Kentucky,,2021-01-31,15030
Kentucky,,2021-02-01,15440
Kentucky,,2021-02-02,15339
Kentucky,,2021-02-03,16019
Kentucky,,2021-02-04,16226
Kentucky,,2021-02-05,16733
Kentucky,,2021-02-06,18738
Kentucky,,2021-02-07,20520
Kentucky,,2021-02-08,21305
Kentucky,,2021-02-09,21299
Kentucky,,2021-02-10,21364
Kentucky,,2021-02-11,21774
Kentucky,,2021-02-12,21820
Kentucky,,2021-02-13,18949
Kentucky,,2021-02-14,18632
Kentucky,,2021-02-15,18642
Kentucky,,2021-02-16,20419
Kentucky,,2021-02-17,19273
Kentucky,,2021-02-18,16853
Kentucky,,2021-02-19,20370
Kentucky,,2021-02-20,21020
Kentucky,,2021-02-21,20748
Kentucky,,2021-02-22,20619
Kentucky,,2021-02-23,19979
Kentucky,,2021-02-24,22140
Kentucky,,2021-02-25,25953
Kentucky,,2021-02-26,23723
Kentucky,,2021-02-27,26254
Kentucky,,2021-02-28,28005
Kentucky,,2021-03-01,29618
Kentucky,,2021-03-02,29971
Kentucky,,2021-03-03,29627
Kentucky,,2021-03-04,29933
Long Term Care,,2021-01-13,132403
Long Term Care,,2021-01-14,136860
Long Term Care,,2021-01-15,144396
Long Term Care,,2021-01-16,130827
Long Term Care,,2021-01-17,122686
Long Term Care,,2021-01-18,117258
Long Term Care,,2021-01-19,113381
Long Term Care,,2021-01-20,117726
Long Term Care,,2021-01-21,123384
Long Term Care,,2021-01-22,129189
Long Term Care,,2021-01-23,137512
Long Term Care,,2021-01-24,143117
Long Term Care,,2021-01-25,151309
Long Term Care,,2021-01-26,140056
Long Term Care,,2021-01-27,142369
Long Term Care,,2021-01-28,144708
Long Term Care,,2021-01-29,146426
Long Term Care,,2021-01-30,152537
Long Term Care,,2021-01-31,159529
Long Term Care,,2021-02-01,147756
Long Term Care,,2021-02-02,160804
Long Term Care,,2021-02-03,159652
Long Term Care,,2021-02-04,158270
Long Term Care,,2021-02-05,157910
Long Term Care,,2021-02-06,160504
Long Term Care,,2021-02-07,165061
Long Term Care,,2021-02-08,171101
Long Term Care,,2021-02-09,166252
Long Term Care,,2021-02-10,164870
Long Term Care,,2021-02-11,162678
Long Term Care,,2021-02-12,155450
Long Term Care,,2021-02-13,148304
Long Term Care,,2021-02-14,140532
Long Term Care,,2021-02-15,135603
Long Term Care,,2021-02-16,136188
Long Term Care,,2021-02-17,127692
Long Term Care,,2021-02-18,119032
Long Term Care,,2021-02-19,111629
Long Term Care,,2021-02-20,104560
Long Term Care,,2021-02-21,99568
Long Term Care,,2021-02-22,97647
Long Term Care,,2021-02-23,94183
Long Term Care,,2021-02-24,93424
Long Term Care,,2021-02-25,90781
Long Term Care,,2021-02-26,91983
Long Term Care,,2021-02-27,92076
Long Term Care,,2021-02-28,84670
Long Term Care,,2021-03-01,82185
Long Term Care,,2021-03-02,78685
Long Term Care,,2021-03-03,70621
Long Term Care,,2021-03-04,63521
Louisiana,,2021-01-13,13415
Louisiana,,2021-01-14,16520
Louisiana,,2021-01-15,18399
Louisiana,,2021-01-16,17400
Louisiana,,2021-01-17,16802
Louisiana,,2021-01-18,16402
Louisiana,,2021-01-19,16117
Louisiana,,2021-01-20,15459
Louisiana,,2021-01-21,14798
Louisiana,,2021-01-22,14241
Louisiana,,2021-01-23,14664
Louisiana,,2021-01-24,15330
Louisiana,,2021-01-25,14323
Louisiana,,2021-01-26,12869
Louisiana,,2021-01-27,13478
Louisiana,,2021-01-28,13785
Louisiana,,2021-01-29,14380
Louisiana,,2021-01-30,15126
Louisiana,,2021-01-31,15661
Louisiana,,2021-02-01,17390
Louisiana,,2021-02-02,18620
Louisiana,,2021-02-03,18602
Louisiana,,2021-02-04,19155
Louisiana,,2021-02-05,19727
Louisiana,,2021-02-06,21403
Louisiana,,2021-02-07,22318
Louisiana,,2021-02-08,21552
Louisiana,,2021-02-09,20531
Louisiana,,2021-02-10,21437
Louisiana,,2021-02-11,18434
Louisiana,,2021-02-12,23529
Louisiana,,2021-02-13,23556
Louisiana,,2021-02-14,24173
Louisiana,,2021-02-15,23289
Louisiana,,2021-02-16,23607
Louisiana,,2021-02-17,21794
Louisiana,,2021-02-18,22356
Louisiana,,2021-02-19,22636
Louisiana,,2021-02-20,20294
Louisiana,,2021-02-21,17909
Louisiana,,2021-02-22,18023
Louisiana,,2021-02-23,17480
Louisiana,,2021-02-24,18460
Louisiana,,2021-02-25,21130
Louisiana,,2021-02-26,16953
Louisiana,,2021-02-27,20243
Louisiana,,2021-02-28,23208
Louisiana,,2021-03-01,24764
Louisiana,,2021-03-02,25309
Louisiana,,2021-03-03,26690
Louisiana,,2021-03-04,27950
Maine,,2021-01-13,2303
Maine,,2021-01-14,3092
Maine,,2021-01-15,2061
Maine,,2021-01-16,2349
Maine,,2021-01-17,2522
Maine,,2021-01-18,2637
Maine,,2021-01-19,2719
Maine,,2021-01-20,2703
Maine,,2021-01-21,2768
Maine,,2021-01-22,3609
Maine,,2021-01-23,4095
Maine,,2021-01-24,4609
Maine,,2021-01-25,4758
Maine,,2021-01-26,4421
Maine,,2021-01-27,4717
Maine,,2021-01-28,4956
Maine,,2021-01-29,5259
Maine,,2021-01-30,5581
Maine,,2021-01-31,5791
Maine,,2021-02-01,5960
Maine,,2021-02-02,5837
Maine,,2021-02-03,5229
Maine,,2021-02-04,5464
Maine,,2021-02-05,5147
Maine,,2021-02-06,5223
Maine,,2021-02-07,5442
Maine,,2021-02-08,4666
Maine,,2021-02-09,5961
Maine,,2021-02-10,6780
Maine,,2021-02-11,5687
Maine,,2021-02-12,4859
Maine,,2021-02-13,3517
Maine,,2021-02-14,2114
Maine,,2021-02-15,5320
Maine,,2021-02-16,7232
Maine,,2021-02-17,7028
Maine,,2021-02-18,7028
Maine,,2021-02-19,10702
Maine,,2021-02-20,10725
Maine,,2021-02-21,10778
Maine,,2021-02-22,11632
Maine,,2021-02-23,8756
Maine,,2021-02-24,8988
Maine,,2021-02-25,8993
Maine,,2021-02-26,5331
Maine,,2021-02-27,9148
Maine,,2021-02-28,9187
Maine,,2021-03-01,5270
Maine,,2021-03-02,4985
Maine,,2021-03-03,4155
Maine,,2021-03-04,4162
Marshall Islands,MHL,2021-01-13,10
Marshall Islands,MHL,2021-01-14,5
Marshall Islands,MHL,2021-01-15,6
Marshall Islands,MHL,2021-01-16,44
Marshall Islands,MHL,2021-01-17,66
Marshall Islands,MHL,2021-01-18,81
Marshall Islands,MHL,2021-01-19,92
Marshall Islands,MHL,2021-01-20,124
Marshall Islands,MHL,2021-01-21,192
Marshall Islands,MHL,2021-01-22,254
Marshall Islands,MHL,2021-01-23,294
Marshall Islands,MHL,2021-01-24,304
Marshall Islands,MHL,2021-01-25,282
Marshall Islands,MHL,2021-01-26,286
Marshall Islands,MHL,2021-01-27,289
Marshall Islands,MHL,2021-01-28,252
Marshall Islands,MHL,2021-01-29,213
Marshall Islands,MHL,2021-01-30,160
Marshall Islands,MHL,2021-01-31,147
Marshall Islands,MHL,2021-02-01,147
Marshall Islands,MHL,2021-02-02,139
Marshall Islands,MHL,2021-02-03,103
Marshall Islands,MHL,2021-02-04,96
Marshall Islands,MHL,2021-02-05,89
Marshall Islands,MHL,2021-02-06,107
Marshall Islands,MHL,2021-02-07,111
Marshall Islands,MHL,2021-02-08,111
Marshall Islands,MHL,2021-02-09,127
Marshall Islands,MHL,2021-02-10,143
Marshall Islands,MHL,2021-02-11,144
Marshall Islands,MHL,2021-02-12,151
Marshall Islands,MHL,2021-02-13,141
Marshall Islands,MHL,2021-02-14,147
Marshall Islands,MHL,2021-02-15,184
Marshall Islands,MHL,2021-02-16,187
Marshall Islands,MHL,2021-02-17,171
Marshall Islands,MHL,2021-02-18,190
Marshall Islands,MHL,2021-02-19,258
Marshall Islands,MHL,2021-02-20,286
Marshall Islands,MHL,2021-02-21,397
Marshall Islands,MHL,2021-02-22,390
Marshall Islands,MHL,2021-02-23,430
Marshall Islands,MHL,2021-02-24,505
Marshall Islands,MHL,2021-02-25,514
Marshall Islands,MHL,2021-02-26,475
Marshall Islands,MHL,2021-02-27,430
Marshall Islands,MHL,2021-02-28,354
Marshall Islands,MHL,2021-03-01,324
Marshall Islands,MHL,2021-03-02,270
Marshall Islands,MHL,2021-03-03,194
Marshall Islands,MHL,2021-03-04,250
Maryland,,2021-01-13,31825
Maryland,,2021-01-14,15912
Maryland,,2021-01-15,16158
Maryland,,2021-01-16,15424
Maryland,,2021-01-17,14984
Maryland,,2021-01-18,14690
Maryland,,2021-01-19,14481
Maryland,,2021-01-20,11441
Maryland,,2021-01-21,13407
Maryland,,2021-01-22,13258
Maryland,,2021-01-23,14212
Maryland,,2021-01-24,16770
Maryland,,2021-01-25,16637
Maryland,,2021-01-26,16846
Maryland,,2021-01-27,18730
Maryland,,2021-01-28,20043
Maryland,,2021-01-29,22150
Maryland,,2021-01-30,24053
Maryland,,2021-01-31,23844
Maryland,,2021-02-01,25352
Maryland,,2021-02-02,24503
Maryland,,2021-02-03,22451
Maryland,,2021-02-04,21945
Maryland,,2021-02-05,21726
Maryland,,2021-02-06,21580
Maryland,,2021-02-07,22796
Maryland,,2021-02-08,22143
Maryland,,2021-02-09,22275
Maryland,,2021-02-10,24964
Maryland,,2021-02-11,25665
Maryland,,2021-02-12,26306
Maryland,,2021-02-13,26485
Maryland,,2021-02-14,26567
Maryland,,2021-02-15,26595
Maryland,,2021-02-16,27854
Maryland,,2021-02-17,26002
Maryland,,2021-02-18,26441
Maryland,,2021-02-19,33219
Maryland,,2021-02-20,34605
Maryland,,2021-02-21,33824
Maryland,,2021-02-22,34580
Maryland,,2021-02-23,34934
Maryland,,2021-02-24,36687
Maryland,,2021-02-25,38368
Maryland,,2021-02-26,32617
Maryland,,2021-02-27,32315
Maryland,,2021-02-28,34031
Maryland,,2021-03-01,36088
Maryland,,2021-03-02,36841
Maryland,,2021-03-03,42073
Maryland,,2021-03-04,42628
Massachusetts,,2021-01-13,13361
Massachusetts,,2021-01-14,14697
Massachusetts,,2021-01-15,17698
Massachusetts,,2021-01-16,17130
Massachusetts,,2021-01-17,16789
Massachusetts,,2021-01-18,16562
Massachusetts,,2021-01-19,16399
Massachusetts,,2021-01-20,16150
Massachusetts,,2021-01-21,17092
Massachusetts,,2021-01-22,16207
Massachusetts,,2021-01-23,17195
Massachusetts,,2021-01-24,18826
Massachusetts,,2021-01-25,18595
Massachusetts,,2021-01-26,17689
Massachusetts,,2021-01-27,19112
Massachusetts,,2021-01-28,19602
Massachusetts,,2021-01-29,21411
Massachusetts,,2021-01-30,22016
Massachusetts,,2021-01-31,22768
Massachusetts,,2021-02-01,25047
Massachusetts,,2021-02-02,26111
Massachusetts,,2021-02-03,23029
Massachusetts,,2021-02-04,23228
Massachusetts,,2021-02-05,23510
Massachusetts,,2021-02-06,25720
Massachusetts,,2021-02-07,28727
Massachusetts,,2021-02-08,28204
Massachusetts,,2021-02-09,29538
Massachusetts,,2021-02-10,36924
Massachusetts,,2021-02-11,38812
Massachusetts,,2021-02-12,39662
Massachusetts,,2021-02-13,40349
Massachusetts,,2021-02-14,43617
Massachusetts,,2021-02-15,44264
Massachusetts,,2021-02-16,44945
Massachusetts,,2021-02-17,40922
Massachusetts,,2021-02-18,41458
Massachusetts,,2021-02-19,50527
Massachusetts,,2021-02-20,52268
Massachusetts,,2021-02-21,48704
Massachusetts,,2021-02-22,50396
Massachusetts,,2021-02-23,50460
Massachusetts,,2021-02-24,51877
Massachusetts,,2021-02-25,51691
Massachusetts,,2021-02-26,44151
Massachusetts,,2021-02-27,44129
Massachusetts,,2021-02-28,44201
Massachusetts,,2021-03-01,47791
Massachusetts,,2021-03-02,48248
Massachusetts,,2021-03-03,50086
Massachusetts,,2021-03-04,52052
Michigan,,2021-01-13,63834
Michigan,,2021-01-14,49775
Michigan,,2021-01-15,45499
Michigan,,2021-01-16,41587
Michigan,,2021-01-17,39240
Michigan,,2021-01-18,37676
Michigan,,2021-01-19,36558
Michigan,,2021-01-20,31013
Michigan,,2021-01-21,31658
Michigan,,2021-01-22,33039
Michigan,,2021-01-23,36947
Michigan,,2021-01-24,38769
Michigan,,2021-01-25,39100
Michigan,,2021-01-26,36954
Michigan,,2021-01-27,37632
Michigan,,2021-01-28,37939
Michigan,,2021-01-29,38744
Michigan,,2021-01-30,38537
Michigan,,2021-01-31,40251
Michigan,,2021-02-01,39730
Michigan,,2021-02-02,39030
Michigan,,2021-02-03,38605
Michigan,,2021-02-04,37770
Michigan,,2021-02-05,38216
Michigan,,2021-02-06,38680
Michigan,,2021-02-07,39273
Michigan,,2021-02-08,39547
Michigan,,2021-02-09,42057
Michigan,,2021-02-10,45237
Michigan,,2021-02-11,47606
Michigan,,2021-02-12,47350
Michigan,,2021-02-13,49239
Michigan,,2021-02-14,50433
Michigan,,2021-02-15,49802
Michigan,,2021-02-16,49589
Michigan,,2021-02-17,45997
Michigan,,2021-02-18,43820
Michigan,,2021-02-19,52608
Michigan,,2021-02-20,49455
Michigan,,2021-02-21,46954
Michigan,,2021-02-22,48744
Michigan,,2021-02-23,46929
Michigan,,2021-02-24,51942
Michigan,,2021-02-25,54903
Michigan,,2021-02-26,47438
Michigan,,2021-02-27,51665
Michigan,,2021-02-28,54967
Michigan,,2021-03-01,55008
Michigan,,2021-03-02,57718
Michigan,,2021-03-03,54200
Michigan,,2021-03-04,53383
Minnesota,,2021-01-13,3115
Minnesota,,2021-01-14,8722
Minnesota,,2021-01-15,12004
Minnesota,,2021-01-16,12333
Minnesota,,2021-01-17,12531
Minnesota,,2021-01-18,12662
Minnesota,,2021-01-19,12756
Minnesota,,2021-01-20,12456
Minnesota,,2021-01-21,11390
Minnesota,,2021-01-22,11426
Minnesota,,2021-01-23,13389
Minnesota,,2021-01-24,13755
Minnesota,,2021-01-25,15521
Minnesota,,2021-01-26,15558
Minnesota,,2021-01-27,17550
Minnesota,,2021-01-28,20603
Minnesota,,2021-01-29,23159
Minnesota,,2021-01-30,25793
Minnesota,,2021-01-31,28223
Minnesota,,2021-02-01,28495
Minnesota,,2021-02-02,27466
Minnesota,,2021-02-03,25329
Minnesota,,2021-02-04,32973
Minnesota,,2021-02-05,27729
Minnesota,,2021-02-06,31074
Minnesota,,2021-02-07,30049
Minnesota,,2021-02-08,28423
Minnesota,,2021-02-09,27513
Minnesota,,2021-02-10,27513
Minnesota,,2021-02-11,17116
Minnesota,,2021-02-12,21793
Minnesota,,2021-02-13,18302
Minnesota,,2021-02-14,20236
Minnesota,,2021-02-15,20646
Minnesota,,2021-02-16,23369
Minnesota,,2021-02-17,25699
Minnesota,,2021-02-18,29002
Minnesota,,2021-02-19,37825
Minnesota,,2021-02-20,37976
Minnesota,,2021-02-21,38014
Minnesota,,2021-02-22,35500
Minnesota,,2021-02-23,37341
Minnesota,,2021-02-24,37703
Minnesota,,2021-02-25,37361
Minnesota,,2021-02-26,29997
Minnesota,,2021-02-27,32139
Minnesota,,2021-02-28,36735
Minnesota,,2021-03-01,41617
Minnesota,,2021-03-02,39088
Minnesota,,2021-03-03,41205
Minnesota,,2021-03-04,42011
Mississippi,,2021-01-13,6745
Mississippi,,2021-01-14,8652
Mississippi,,2021-01-15,9928
Mississippi,,2021-01-16,9274
Mississippi,,2021-01-17,8881
Mississippi,,2021-01-18,8620
Mississippi,,2021-01-19,8433
Mississippi,,2021-01-20,8757
Mississippi,,2021-01-21,9263
Mississippi,,2021-01-22,9457
Mississippi,,2021-01-23,8412
Mississippi,,2021-01-24,11241
Mississippi,,2021-01-25,10671
Mississippi,,2021-01-26,9777
Mississippi,,2021-01-27,9665
Mississippi,,2021-01-28,9222
Mississippi,,2021-01-29,8889
Mississippi,,2021-01-30,10280
Mississippi,,2021-01-31,8395
Mississippi,,2021-02-01,8271
Mississippi,,2021-02-02,8302
Mississippi,,2021-02-03,8667
Mississippi,,2021-02-04,7094
Mississippi,,2021-02-05,9019
Mississippi,,2021-02-06,11140
Mississippi,,2021-02-07,12090
Mississippi,,2021-02-08,12653
Mississippi,,2021-02-09,12708
Mississippi,,2021-02-10,13515
Mississippi,,2021-02-11,16356
Mississippi,,2021-02-12,15778
Mississippi,,2021-02-13,15323
Mississippi,,2021-02-14,15167
Mississippi,,2021-02-15,15050
Mississippi,,2021-02-16,15612
Mississippi,,2021-02-17,13265
Mississippi,,2021-02-18,10423
Mississippi,,2021-02-19,12567
Mississippi,,2021-02-20,10529
Mississippi,,2021-02-21,9131
Mississippi,,2021-02-22,9468
Mississippi,,2021-02-23,9613
Mississippi,,2021-02-24,12443
Mississippi,,2021-02-25,12517
Mississippi,,2021-02-26,13282
Mississippi,,2021-02-27,16004
Mississippi,,2021-02-28,18305
Mississippi,,2021-03-01,19723
Mississippi,,2021-03-02,20112
Mississippi,,2021-03-03,20044
Mississippi,,2021-03-04,22804
Missouri,,2021-01-13,0
Missouri,,2021-01-14,6765
Missouri,,2021-01-15,9554
Missouri,,2021-01-16,10029
Missouri,,2021-01-17,10313
Missouri,,2021-01-18,10503
Missouri,,2021-01-19,10639
Missouri,,2021-01-20,11813
Missouri,,2021-01-21,12867
Missouri,,2021-01-22,13607
Missouri,,2021-01-23,12832
Missouri,,2021-01-24,14912
Missouri,,2021-01-25,15842
Missouri,,2021-01-26,14860
Missouri,,2021-01-27,16239
Missouri,,2021-01-28,16739
Missouri,,2021-01-29,17535
Missouri,,2021-01-30,16674
Missouri,,2021-01-31,18092
Missouri,,2021-02-01,18072
Missouri,,2021-02-02,18019
Missouri,,2021-02-03,17709
Missouri,,2021-02-04,17522
Missouri,,2021-02-05,18250
Missouri,,2021-02-06,25073
Missouri,,2021-02-07,25824
Missouri,,2021-02-08,25891
Missouri,,2021-02-09,25780
Missouri,,2021-02-10,26792
Missouri,,2021-02-11,27112
Missouri,,2021-02-12,25899
Missouri,,2021-02-13,31850
Missouri,,2021-02-14,31839
Missouri,,2021-02-15,31435
Missouri,,2021-02-16,33154
Missouri,,2021-02-17,31764
Missouri,,2021-02-18,31498
Missouri,,2021-02-19,42395
Missouri,,2021-02-20,33710
Missouri,,2021-02-21,33671
Missouri,,2021-02-22,34346
Missouri,,2021-02-23,33139
Missouri,,2021-02-24,35032
Missouri,,2021-02-25,36045
Missouri,,2021-02-26,28457
Missouri,,2021-02-27,33602
Missouri,,2021-02-28,27955
Missouri,,2021-03-01,38731
Missouri,,2021-03-02,39022
Missouri,,2021-03-03,39796
Missouri,,2021-03-04,41522
Montana,,2021-01-13,1980
Montana,,2021-01-14,2268
Montana,,2021-01-15,2427
Montana,,2021-01-16,2228
Montana,,2021-01-17,2109
Montana,,2021-01-18,2030
Montana,,2021-01-19,1973
Montana,,2021-01-20,1880
Montana,,2021-01-21,1967
Montana,,2021-01-22,2426
Montana,,2021-01-23,3078
Montana,,2021-01-24,3423
Montana,,2021-01-25,3299
Montana,,2021-01-26,3122
Montana,,2021-01-27,3421
Montana,,2021-01-28,3689
Montana,,2021-01-29,3749
Montana,,2021-01-30,3818
Montana,,2021-01-31,3991
Montana,,2021-02-01,4113
Montana,,2021-02-02,4225
Montana,,2021-02-03,4172
Montana,,2021-02-04,4276
Montana,,2021-02-05,4278
Montana,,2021-02-06,4516
Montana,,2021-02-07,4749
Montana,,2021-02-08,4733
Montana,,2021-02-09,4686
Montana,,2021-02-10,4853
Montana,,2021-02-11,4742
Montana,,2021-02-12,5023
Montana,,2021-02-13,5211
Montana,,2021-02-14,5578
Montana,,2021-02-15,5709
Montana,,2021-02-16,5934
Montana,,2021-02-17,5748
Montana,,2021-02-18,5819
Montana,,2021-02-19,9076
Montana,,2021-02-20,8790
Montana,,2021-02-21,8613
Montana,,2021-02-22,8797
Montana,,2021-02-23,8764
Montana,,2021-02-24,8864
Montana,,2021-02-25,8889
Montana,,2021-02-26,5681
Montana,,2021-02-27,6026
Montana,,2021-02-28,6332
Montana,,2021-03-01,6266
Montana,,2021-03-02,6164
Montana,,2021-03-03,6421
Montana,,2021-03-04,6959
Nebraska,,2021-01-13,5260
Nebraska,,2021-01-14,5240
Nebraska,,2021-01-15,5585
Nebraska,,2021-01-16,4970
Nebraska,,2021-01-17,4601
Nebraska,,2021-01-18,4354
Nebraska,,2021-01-19,4179
Nebraska,,2021-01-20,3798
Nebraska,,2021-01-21,3846
Nebraska,,2021-01-22,3894
Nebraska,,2021-01-23,4250
Nebraska,,2021-01-24,5058
Nebraska,,2021-01-25,4781
Nebraska,,2021-01-26,4492
Nebraska,,2021-01-27,4756
Nebraska,,2021-01-28,5454
Nebraska,,2021-01-29,5703
Nebraska,,2021-01-30,6172
Nebraska,,2021-01-31,6409
Nebraska,,2021-02-01,6698
Nebraska,,2021-02-02,6754
Nebraska,,2021-02-03,6959
Nebraska,,2021-02-04,6444
Nebraska,,2021-02-05,6538
Nebraska,,2021-02-06,7304
Nebraska,,2021-02-07,7595
Nebraska,,2021-02-08,7592
Nebraska,,2021-02-09,7555
Nebraska,,2021-02-10,7540
Nebraska,,2021-02-11,7536
Nebraska,,2021-02-12,7967
Nebraska,,2021-02-13,7935
Nebraska,,2021-02-14,7833
Nebraska,,2021-02-15,7729
Nebraska,,2021-02-16,7904
Nebraska,,2021-02-17,7691
Nebraska,,2021-02-18,8168
Nebraska,,2021-02-19,12550
Nebraska,,2021-02-20,12376
Nebraska,,2021-02-21,12421
Nebraska,,2021-02-22,13212
Nebraska,,2021-02-23,14590
Nebraska,,2021-02-24,15856
Nebraska,,2021-02-25,16766
Nebraska,,2021-02-26,13508
Nebraska,,2021-02-27,11913
Nebraska,,2021-02-28,14541
Nebraska,,2021-03-01,13667
Nebraska,,2021-03-02,13162
Nebraska,,2021-03-03,13030
Nebraska,,2021-03-04,13011
Nevada,,2021-01-13,0
Nevada,,2021-01-14,7596
Nevada,,2021-01-15,7340
Nevada,,2021-01-16,6703
Nevada,,2021-01-17,6321
Nevada,,2021-01-18,6066
Nevada,,2021-01-19,5884
Nevada,,2021-01-20,6497
Nevada,,2021-01-21,5592
Nevada,,2021-01-22,6112
Nevada,,2021-01-23,6938
Nevada,,2021-01-24,8421
Nevada,,2021-01-25,8832
Nevada,,2021-01-26,8789
Nevada,,2021-01-27,9605
Nevada,,2021-01-28,11279
Nevada,,2021-01-29,11961
Nevada,,2021-01-30,12452
Nevada,,2021-01-31,12696
Nevada,,2021-02-01,12698
Nevada,,2021-02-02,12687
Nevada,,2021-02-03,15015
Nevada,,2021-02-04,13808
Nevada,,2021-02-05,13448
Nevada,,2021-02-06,14009
Nevada,,2021-02-07,13285
Nevada,,2021-02-08,13990
Nevada,,2021-02-09,14051
Nevada,,2021-02-10,12409
Nevada,,2021-02-11,12497
Nevada,,2021-02-12,12836
Nevada,,2021-02-13,12686
Nevada,,2021-02-14,13479
Nevada,,2021-02-15,12990
Nevada,,2021-02-16,13610
Nevada,,2021-02-17,12383
Nevada,,2021-02-18,12558
Nevada,,2021-02-19,18309
Nevada,,2021-02-20,20669
Nevada,,2021-02-21,20198
Nevada,,2021-02-22,21272
Nevada,,2021-02-23,21660
Nevada,,2021-02-24,21973
Nevada,,2021-02-25,22173
Nevada,,2021-02-26,17176
Nevada,,2021-02-27,15691
Nevada,,2021-02-28,16555
Nevada,,2021-03-01,18372
Nevada,,2021-03-02,17823
Nevada,,2021-03-03,18162
Nevada,,2021-03-04,18282
New Hampshire,,2021-01-13,4605
New Hampshire,,2021-01-14,4049
New Hampshire,,2021-01-15,3968
New Hampshire,,2021-01-16,3541
New Hampshire,,2021-01-17,3285
New Hampshire,,2021-01-18,3114
New Hampshire,,2021-01-19,2992
New Hampshire,,2021-01-20,2886
New Hampshire,,2021-01-21,3133
New Hampshire,,2021-01-22,3297
New Hampshire,,2021-01-23,3577
New Hampshire,,2021-01-24,3757
New Hampshire,,2021-01-25,3618
New Hampshire,,2021-01-26,3635
New Hampshire,,2021-01-27,3952
New Hampshire,,2021-01-28,4259
New Hampshire,,2021-01-29,4545
New Hampshire,,2021-01-30,4846
New Hampshire,,2021-01-31,4996
New Hampshire,,2021-02-01,5127
New Hampshire,,2021-02-02,5542
New Hampshire,,2021-02-03,5027
New Hampshire,,2021-02-04,4948
New Hampshire,,2021-02-05,5105
New Hampshire,,2021-02-06,5348
New Hampshire,,2021-02-07,5368
New Hampshire,,2021-02-08,5155
New Hampshire,,2021-02-09,4704
New Hampshire,,2021-02-10,5417
New Hampshire,,2021-02-11,5574
New Hampshire,,2021-02-12,5424
New Hampshire,,2021-02-13,5642
New Hampshire,,2021-02-14,6093
New Hampshire,,2021-02-15,6570
New Hampshire,,2021-02-16,6846
New Hampshire,,2021-02-17,6018
New Hampshire,,2021-02-18,6109
New Hampshire,,2021-02-19,7182
New Hampshire,,2021-02-20,7089
New Hampshire,,2021-02-21,7467
New Hampshire,,2021-02-22,7900
New Hampshire,,2021-02-23,8231
New Hampshire,,2021-02-24,9131
New Hampshire,,2021-02-25,9198
New Hampshire,,2021-02-26,8355
New Hampshire,,2021-02-27,8639
New Hampshire,,2021-02-28,8685
New Hampshire,,2021-03-01,8130
New Hampshire,,2021-03-02,8039
New Hampshire,,2021-03-03,8178
New Hampshire,,2021-03-04,8368
New Jersey,,2021-01-13,41937
New Jersey,,2021-01-14,21188
New Jersey,,2021-01-15,32008
New Jersey,,2021-01-16,29199
New Jersey,,2021-01-17,27513
New Jersey,,2021-01-18,26389
New Jersey,,2021-01-19,25586
New Jersey,,2021-01-20,24177
New Jersey,,2021-01-21,24114
New Jersey,,2021-01-22,21042
New Jersey,,2021-01-23,23293
New Jersey,,2021-01-24,25288
New Jersey,,2021-01-25,26252
New Jersey,,2021-01-26,25084
New Jersey,,2021-01-27,25663
New Jersey,,2021-01-28,30856
New Jersey,,2021-01-29,37580
New Jersey,,2021-01-30,38294
New Jersey,,2021-01-31,37116
New Jersey,,2021-02-01,35307
New Jersey,,2021-02-02,37264
New Jersey,,2021-02-03,34266
New Jersey,,2021-02-04,29072
New Jersey,,2021-02-05,22473
New Jersey,,2021-02-06,38906
New Jersey,,2021-02-07,39909
New Jersey,,2021-02-08,40656
New Jersey,,2021-02-09,37172
New Jersey,,2021-02-10,42430
New Jersey,,2021-02-11,49279
New Jersey,,2021-02-12,52572
New Jersey,,2021-02-13,38345
New Jersey,,2021-02-14,39217
New Jersey,,2021-02-15,41921
New Jersey,,2021-02-16,47221
New Jersey,,2021-02-17,47383
New Jersey,,2021-02-18,49357
New Jersey,,2021-02-19,50244
New Jersey,,2021-02-20,48414
New Jersey,,2021-02-21,48529
New Jersey,,2021-02-22,46183
New Jersey,,2021-02-23,47389
New Jersey,,2021-02-24,46169
New Jersey,,2021-02-25,46315
New Jersey,,2021-02-26,48381
New Jersey,,2021-02-27,51418
New Jersey,,2021-02-28,53805
New Jersey,,2021-03-01,54984
New Jersey,,2021-03-02,61182
New Jersey,,2021-03-03,63752
New Jersey,,2021-03-04,65554
New Mexico,,2021-01-13,3620
New Mexico,,2021-01-14,5590
New Mexico,,2021-01-15,7023
New Mexico,,2021-01-16,7695
New Mexico,,2021-01-17,8098
New Mexico,,2021-01-18,8367
New Mexico,,2021-01-19,8559
New Mexico,,2021-01-20,8778
New Mexico,,2021-01-21,9007
New Mexico,,2021-01-22,8963
New Mexico,,2021-01-23,10812
New Mexico,,2021-01-24,11630
New Mexico,,2021-01-25,10890
New Mexico,,2021-01-26,10284
New Mexico,,2021-01-27,10539
New Mexico,,2021-01-28,10318
New Mexico,,2021-01-29,10959
New Mexico,,2021-01-30,9089
New Mexico,,2021-01-31,9144
New Mexico,,2021-02-01,10079
New Mexico,,2021-02-02,9640
New Mexico,,2021-02-03,9679
New Mexico,,2021-02-04,9982
New Mexico,,2021-02-05,9741
New Mexico,,2021-02-06,10613
New Mexico,,2021-02-07,9664
New Mexico,,2021-02-08,9652
New Mexico,,2021-02-09,9778
New Mexico,,2021-02-10,9971
New Mexico,,2021-02-11,10757
New Mexico,,2021-02-12,11694
New Mexico,,2021-02-13,11043
New Mexico,,2021-02-14,12584
New Mexico,,2021-02-15,12691
New Mexico,,2021-02-16,13899
New Mexico,,2021-02-17,13250
New Mexico,,2021-02-18,12310
New Mexico,,2021-02-19,24825
New Mexico,,2021-02-20,25572
New Mexico,,2021-02-21,25153
New Mexico,,2021-02-22,24730
New Mexico,,2021-02-23,24162
New Mexico,,2021-02-24,24470
New Mexico,,2021-02-25,25544
New Mexico,,2021-02-26,13505
New Mexico,,2021-02-27,14167
New Mexico,,2021-02-28,15655
New Mexico,,2021-03-01,15269
New Mexico,,2021-03-02,15570
New Mexico,,2021-03-03,16752
New Mexico,,2021-03-04,15580
New York State,,2021-01-13,52941
New York State,,2021-01-14,54522
New York State,,2021-01-15,59311
New York State,,2021-01-16,59662
New York State,,2021-01-17,59872
New York State,,2021-01-18,60012
New York State,,2021-01-19,60112
New York State,,2021-01-20,59145
New York State,,2021-01-21,61124
New York State,,2021-01-22,63790
New York State,,2021-01-23,66334
New York State,,2021-01-24,69502
New York State,,2021-01-25,68387
New York State,,2021-01-26,64808
New York State,,2021-01-27,67458
New York State,,2021-01-28,73438
New York State,,2021-01-29,71318
New York State,,2021-01-30,72774
New York State,,2021-01-31,72865
New York State,,2021-02-01,72765
New York State,,2021-02-02,73211
New York State,,2021-02-03,69210
New York State,,2021-02-04,61400
New York State,,2021-02-05,61298
New York State,,2021-02-06,61912
New York State,,2021-02-07,65915
New York State,,2021-02-08,70058
New York State,,2021-02-09,67892
New York State,,2021-02-10,76093
New York State,,2021-02-11,80062
New York State,,2021-02-12,82892
New York State,,2021-02-13,85146
New York State,,2021-02-14,84046
New York State,,2021-02-15,85676
New York State,,2021-02-16,95534
New York State,,2021-02-17,91775
New York State,,2021-02-18,90449
New York State,,2021-02-19,104996
New York State,,2021-02-20,102095
New York State,,2021-02-21,99541
New York State,,2021-02-22,99122
New York State,,2021-02-23,94610
New York State,,2021-02-24,91830
New York State,,2021-02-25,89347
New York State,,2021-02-26,72524
New York State,,2021-02-27,74919
New York State,,2021-02-28,86182
New York State,,2021-03-01,91983
New York State,,2021-03-02,103303
New York State,,2021-03-03,112359
New York State,,2021-03-04,121644
North Carolina,,2021-01-13,55328
North Carolina,,2021-01-14,28301
North Carolina,,2021-01-15,30405
North Carolina,,2021-01-16,28926
North Carolina,,2021-01-17,28038
North Carolina,,2021-01-18,27447
North Carolina,,2021-01-19,27024
North Carolina,,2021-01-20,22935
North Carolina,,2021-01-21,29296
North Carolina,,2021-01-22,31727
North Carolina,,2021-01-23,35671
North Carolina,,2021-01-24,40662
North Carolina,,2021-01-25,42821
North Carolina,,2021-01-26,42706
North Carolina,,2021-01-27,41324
North Carolina,,2021-01-28,53788
North Carolina,,2021-01-29,46616
North Carolina,,2021-01-30,45961
North Carolina,,2021-01-31,45031
North Carolina,,2021-02-01,42815
North Carolina,,2021-02-02,39490
North Carolina,,2021-02-03,44276
North Carolina,,2021-02-04,30525
North Carolina,,2021-02-05,36979
North Carolina,,2021-02-06,38929
North Carolina,,2021-02-07,41555
North Carolina,,2021-02-08,42660
North Carolina,,2021-02-09,44477
North Carolina,,2021-02-10,44199
North Carolina,,2021-02-11,45597
North Carolina,,2021-02-12,48191
North Carolina,,2021-02-13,50312
North Carolina,,2021-02-14,53556
North Carolina,,2021-02-15,53826
North Carolina,,2021-02-16,56765
North Carolina,,2021-02-17,56964
North Carolina,,2021-02-18,57088
North Carolina,,2021-02-19,73115
North Carolina,,2021-02-20,69341
North Carolina,,2021-02-21,64439
North Carolina,,2021-02-22,64854
North Carolina,,2021-02-23,61910
North Carolina,,2021-02-24,61381
North Carolina,,2021-02-25,61164
North Carolina,,2021-02-26,46498
North Carolina,,2021-02-27,51031
North Carolina,,2021-02-28,57036
North Carolina,,2021-03-01,60066
North Carolina,,2021-03-02,60984
North Carolina,,2021-03-03,63203
North Carolina,,2021-03-04,64444
North Dakota,,2021-01-13,1249
North Dakota,,2021-01-14,1648
North Dakota,,2021-01-15,2310
North Dakota,,2021-01-16,2370
North Dakota,,2021-01-17,2406
North Dakota,,2021-01-18,2430
North Dakota,,2021-01-19,2447
North Dakota,,2021-01-20,2418
North Dakota,,2021-01-21,2353
North Dakota,,2021-01-22,2528
North Dakota,,2021-01-23,2863
North Dakota,,2021-01-24,3095
North Dakota,,2021-01-25,3026
North Dakota,,2021-01-26,2693
North Dakota,,2021-01-27,2796
North Dakota,,2021-01-28,2972
North Dakota,,2021-01-29,3153
North Dakota,,2021-01-30,3227
North Dakota,,2021-01-31,3534
North Dakota,,2021-02-01,3463
North Dakota,,2021-02-02,3505
North Dakota,,2021-02-03,3763
North Dakota,,2021-02-04,3836
North Dakota,,2021-02-05,3807
North Dakota,,2021-02-06,4165
North Dakota,,2021-02-07,4130
North Dakota,,2021-02-08,4328
North Dakota,,2021-02-09,4256
North Dakota,,2021-02-10,3778
North Dakota,,2021-02-11,3817
North Dakota,,2021-02-12,3795
North Dakota,,2021-02-13,3348
North Dakota,,2021-02-14,3156
North Dakota,,2021-02-15,3056
North Dakota,,2021-02-16,3378
North Dakota,,2021-02-17,3438
North Dakota,,2021-02-18,3305
North Dakota,,2021-02-19,6133
North Dakota,,2021-02-20,6331
North Dakota,,2021-02-21,6499
North Dakota,,2021-02-22,6456
North Dakota,,2021-02-23,6164
North Dakota,,2021-02-24,6532
North Dakota,,2021-02-25,6737
North Dakota,,2021-02-26,4329
North Dakota,,2021-02-27,5262
North Dakota,,2021-02-28,5686
North Dakota,,2021-03-01,6031
North Dakota,,2021-03-02,6039
North Dakota,,2021-03-03,5910
North Dakota,,2021-03-04,6054
Northern Mariana Islands,MNP,2021-01-13,419
Northern Mariana Islands,MNP,2021-01-14,438
Northern Mariana Islands,MNP,2021-01-15,396
Northern Mariana Islands,MNP,2021-01-16,388
Northern Mariana Islands,MNP,2021-01-17,384
Northern Mariana Islands,MNP,2021-01-18,381
Northern Mariana Islands,MNP,2021-01-19,379
Northern Mariana Islands,MNP,2021-01-20,379
Northern Mariana Islands,MNP,2021-01-21,387
Northern Mariana Islands,MNP,2021-01-22,402
Northern Mariana Islands,MNP,2021-01-23,395
Northern Mariana Islands,MNP,2021-01-24,393
Northern Mariana Islands,MNP,2021-01-25,356
Northern Mariana Islands,MNP,2021-01-26,338
Northern Mariana Islands,MNP,2021-01-27,319
Northern Mariana Islands,MNP,2021-01-28,277
Northern Mariana Islands,MNP,2021-01-29,261
Northern Mariana Islands,MNP,2021-01-30,242
Northern Mariana Islands,MNP,2021-01-31,237
Northern Mariana Islands,MNP,2021-02-01,236
Northern Mariana Islands,MNP,2021-02-02,238
Northern Mariana Islands,MNP,2021-02-03,233
Northern Mariana Islands,MNP,2021-02-04,245
Northern Mariana Islands,MNP,2021-02-05,255
Northern Mariana Islands,MNP,2021-02-06,281
Northern Mariana Islands,MNP,2021-02-07,263
Northern Mariana Islands,MNP,2021-02-08,252
Northern Mariana Islands,MNP,2021-02-09,265
Northern Mariana Islands,MNP,2021-02-10,268
Northern Mariana Islands,MNP,2021-02-11,252
Northern Mariana Islands,MNP,2021-02-12,234
Northern Mariana Islands,MNP,2021-02-13,242
Northern Mariana Islands,MNP,2021-02-14,266
Northern Mariana Islands,MNP,2021-02-15,310
Northern Mariana Islands,MNP,2021-02-16,308
Northern Mariana Islands,MNP,2021-02-17,316
Northern Mariana Islands,MNP,2021-02-18,341
Northern Mariana Islands,MNP,2021-02-19,365
Northern Mariana Islands,MNP,2021-02-20,304
Northern Mariana Islands,MNP,2021-02-21,310
Northern Mariana Islands,MNP,2021-02-22,286
Northern Mariana Islands,MNP,2021-02-23,280
Northern Mariana Islands,MNP,2021-02-24,333
Northern Mariana Islands,MNP,2021-02-25,337
Northern Mariana Islands,MNP,2021-02-26,328
Northern Mariana Islands,MNP,2021-02-27,371
Northern Mariana Islands,MNP,2021-02-28,349
Northern Mariana Islands,MNP,2021-03-01,356
Northern Mariana Islands,MNP,2021-03-02,359
Northern Mariana Islands,MNP,2021-03-03,307
Northern Mariana Islands,MNP,2021-03-04,301
Ohio,,2021-01-13,17428
Ohio,,2021-01-14,18267
Ohio,,2021-01-15,21179
Ohio,,2021-01-16,21926
Ohio,,2021-01-17,22373
Ohio,,2021-01-18,22672
Ohio,,2021-01-19,22885
Ohio,,2021-01-20,22595
Ohio,,2021-01-21,19865
Ohio,,2021-01-22,24296
Ohio,,2021-01-23,27905
Ohio,,2021-01-24,31907
Ohio,,2021-01-25,33957
Ohio,,2021-01-26,33706
Ohio,,2021-01-27,36967
Ohio,,2021-01-28,43198
Ohio,,2021-01-29,42514
Ohio,,2021-01-30,45154
Ohio,,2021-01-31,43844
Ohio,,2021-02-01,45572
Ohio,,2021-02-02,48159
Ohio,,2021-02-03,48449
Ohio,,2021-02-04,48316
Ohio,,2021-02-05,47734
Ohio,,2021-02-06,47355
Ohio,,2021-02-07,48565
Ohio,,2021-02-08,48814
Ohio,,2021-02-09,46941
Ohio,,2021-02-10,45864
Ohio,,2021-02-11,47299
Ohio,,2021-02-12,51893
Ohio,,2021-02-13,52952
Ohio,,2021-02-14,56851
Ohio,,2021-02-15,56733
Ohio,,2021-02-16,60179
Ohio,,2021-02-17,59820
Ohio,,2021-02-18,57466
Ohio,,2021-02-19,65606
Ohio,,2021-02-20,64835
Ohio,,2021-02-21,64109
Ohio,,2021-02-22,64736
Ohio,,2021-02-23,61964
Ohio,,2021-02-24,66136
Ohio,,2021-02-25,70021
Ohio,,2021-02-26,59061
Ohio,,2021-02-27,62123
Ohio,,2021-02-28,65588
Ohio,,2021-03-01,66320
Ohio,,2021-03-02,70639
Ohio,,2021-03-03,71704
Ohio,,2021-03-04,71267
Oklahoma,,2021-01-13,14560
Oklahoma,,2021-01-14,14712
Oklahoma,,2021-01-15,15189
Oklahoma,,2021-01-16,13809
Oklahoma,,2021-01-17,12982
Oklahoma,,2021-01-18,12430
Oklahoma,,2021-01-19,12036
Oklahoma,,2021-01-20,11326
Oklahoma,,2021-01-21,11453
Oklahoma,,2021-01-22,12013
Oklahoma,,2021-01-23,13104
Oklahoma,,2021-01-24,14294
Oklahoma,,2021-01-25,13446
Oklahoma,,2021-01-26,12397
Oklahoma,,2021-01-27,13351
Oklahoma,,2021-01-28,13688
Oklahoma,,2021-01-29,14169
Oklahoma,,2021-01-30,15071
Oklahoma,,2021-01-31,16454
Oklahoma,,2021-02-01,16719
Oklahoma,,2021-02-02,16686
Oklahoma,,2021-02-03,16757
Oklahoma,,2021-02-04,17304
Oklahoma,,2021-02-05,17715
Oklahoma,,2021-02-06,18707
Oklahoma,,2021-02-07,19394
Oklahoma,,2021-02-08,20353
Oklahoma,,2021-02-09,20362
Oklahoma,,2021-02-10,20567
Oklahoma,,2021-02-11,20568
Oklahoma,,2021-02-12,18523
Oklahoma,,2021-02-13,17083
Oklahoma,,2021-02-14,15515
Oklahoma,,2021-02-15,14633
Oklahoma,,2021-02-16,15201
Oklahoma,,2021-02-17,12862
Oklahoma,,2021-02-18,10297
Oklahoma,,2021-02-19,24738
Oklahoma,,2021-02-20,24295
Oklahoma,,2021-02-21,26230
Oklahoma,,2021-02-22,28963
Oklahoma,,2021-02-23,30281
Oklahoma,,2021-02-24,34146
Oklahoma,,2021-02-25,38155
Oklahoma,,2021-02-26,27507
Oklahoma,,2021-02-27,30870
Oklahoma,,2021-02-28,32772
Oklahoma,,2021-03-01,32546
Oklahoma,,2021-03-02,31154
Oklahoma,,2021-03-03,30339
Oklahoma,,2021-03-04,30556
Oregon,,2021-01-13,10465
Oregon,,2021-01-14,12593
Oregon,,2021-01-15,13848
Oregon,,2021-01-16,14809
Oregon,,2021-01-17,15386
Oregon,,2021-01-18,15771
Oregon,,2021-01-19,16045
Oregon,,2021-01-20,14550
Oregon,,2021-01-21,12447
Oregon,,2021-01-22,15365
Oregon,,2021-01-23,15231
Oregon,,2021-01-24,14912
Oregon,,2021-01-25,14492
Oregon,,2021-01-26,13020
Oregon,,2021-01-27,15509
Oregon,,2021-01-28,17636
Oregon,,2021-01-29,15098
Oregon,,2021-01-30,15990
Oregon,,2021-01-31,17424
Oregon,,2021-02-01,17564
Oregon,,2021-02-02,18605
Oregon,,2021-02-03,18397
Oregon,,2021-02-04,18800
Oregon,,2021-02-05,18252
Oregon,,2021-02-06,18212
Oregon,,2021-02-07,17837
Oregon,,2021-02-08,18688
Oregon,,2021-02-09,19199
Oregon,,2021-02-10,19252
Oregon,,2021-02-11,16722
Oregon,,2021-02-12,14555
Oregon,,2021-02-13,20151
Oregon,,2021-02-14,19796
Oregon,,2021-02-15,17689
Oregon,,2021-02-16,16074
Oregon,,2021-02-17,14821
Oregon,,2021-02-18,17076
Oregon,,2021-02-19,25515
Oregon,,2021-02-20,20550
Oregon,,2021-02-21,21486
Oregon,,2021-02-22,23706
Oregon,,2021-02-23,25678
Oregon,,2021-02-24,24710
Oregon,,2021-02-25,25852
Oregon,,2021-02-26,22889
Oregon,,2021-02-27,23699
Oregon,,2021-02-28,24669
Oregon,,2021-03-01,25692
Oregon,,2021-03-02,24769
Oregon,,2021-03-03,26330
Oregon,,2021-03-04,26216
Pennsylvania,,2021-01-13,37996
Pennsylvania,,2021-01-14,34233
Pennsylvania,,2021-01-15,35401
Pennsylvania,,2021-01-16,32567
Pennsylvania,,2021-01-17,30867
Pennsylvania,,2021-01-18,29734
Pennsylvania,,2021-01-19,28924
Pennsylvania,,2021-01-20,26959
Pennsylvania,,2021-01-21,27859
Pennsylvania,,2021-01-22,29248
Pennsylvania,,2021-01-23,31950
Pennsylvania,,2021-01-24,35472
Pennsylvania,,2021-01-25,36636
Pennsylvania,,2021-01-26,36563
Pennsylvania,,2021-01-27,40474
Pennsylvania,,2021-01-28,35849
Pennsylvania,,2021-01-29,45694
Pennsylvania,,2021-01-30,48079
Pennsylvania,,2021-01-31,49083
Pennsylvania,,2021-02-01,51055
Pennsylvania,,2021-02-02,50799
Pennsylvania,,2021-02-03,43730
Pennsylvania,,2021-02-04,51766
Pennsylvania,,2021-02-05,42684
Pennsylvania,,2021-02-06,43724
Pennsylvania,,2021-02-07,45667
Pennsylvania,,2021-02-08,43882
Pennsylvania,,2021-02-09,46034
Pennsylvania,,2021-02-10,54281
Pennsylvania,,2021-02-11,53677
Pennsylvania,,2021-02-12,56762
Pennsylvania,,2021-02-13,48534
Pennsylvania,,2021-02-14,59213
Pennsylvania,,2021-02-15,55160
Pennsylvania,,2021-02-16,50636
Pennsylvania,,2021-02-17,58875
Pennsylvania,,2021-02-18,58330
Pennsylvania,,2021-02-19,73730
Pennsylvania,,2021-02-20,79082
Pennsylvania,,2021-02-21,69214
Pennsylvania,,2021-02-22,75797
Pennsylvania,,2021-02-23,78350
Pennsylvania,,2021-02-24,67892
Pennsylvania,,2021-02-25,69590
Pennsylvania,,2021-02-26,53951
Pennsylvania,,2021-02-27,63458
Pennsylvania,,2021-02-28,63574
Pennsylvania,,2021-03-01,68183
Pennsylvania,,2021-03-02,72196
Pennsylvania,,2021-03-03,74736
Pennsylvania,,2021-03-04,78068
Puerto Rico,PRI,2021-01-13,9873
Puerto Rico,PRI,2021-01-14,10160
Puerto Rico,PRI,2021-01-15,9859
Puerto Rico,PRI,2021-01-16,8982
Puerto Rico,PRI,2021-01-17,8455
Puerto Rico,PRI,2021-01-18,8104
Puerto Rico,PRI,2021-01-19,7853
Puerto Rico,PRI,2021-01-20,7457
Puerto Rico,PRI,2021-01-21,7559
Puerto Rico,PRI,2021-01-22,8199
Puerto Rico,PRI,2021-01-23,8965
Puerto Rico,PRI,2021-01-24,9620
Puerto Rico,PRI,2021-01-25,9205
Puerto Rico,PRI,2021-01-26,8450
Puerto Rico,PRI,2021-01-27,9019
Puerto Rico,PRI,2021-01-28,9198
Puerto Rico,PRI,2021-01-29,8968
Puerto Rico,PRI,2021-01-30,8974
Puerto Rico,PRI,2021-01-31,9317
Puerto Rico,PRI,2021-02-01,9403
Puerto Rico,PRI,2021-02-02,9251
Puerto Rico,PRI,2021-02-03,9558
Puerto Rico,PRI,2021-02-04,9449
Puerto Rico,PRI,2021-02-05,9103
Puerto Rico,PRI,2021-02-06,9091
Puerto Rico,PRI,2021-02-07,7186
Puerto Rico,PRI,2021-02-08,6608
Puerto Rico,PRI,2021-02-09,8658
Puerto Rico,PRI,2021-02-10,8242
Puerto Rico,PRI,2021-02-11,8377
Puerto Rico,PRI,2021-02-12,6991
Puerto Rico,PRI,2021-02-13,10163
Puerto Rico,PRI,2021-02-14,11861
Puerto Rico,PRI,2021-02-15,12180
Puerto Rico,PRI,2021-02-16,10448
Puerto Rico,PRI,2021-02-17,9681
Puerto Rico,PRI,2021-02-18,10157
Puerto Rico,PRI,2021-02-19,15971
Puerto Rico,PRI,2021-02-20,13241
Puerto Rico,PRI,2021-02-21,13393
Puerto Rico,PRI,2021-02-22,13100
Puerto Rico,PRI,2021-02-23,13323
Puerto Rico,PRI,2021-02-24,14711
Puerto Rico,PRI,2021-02-25,14569
Puerto Rico,PRI,2021-02-26,12517
Puerto Rico,PRI,2021-02-27,10651
Puerto Rico,PRI,2021-02-28,10449
Puerto Rico,PRI,2021-03-01,11145
Puerto Rico,PRI,2021-03-02,10608
Puerto Rico,PRI,2021-03-03,10416
Puerto Rico,PRI,2021-03-04,12169
Republic of Palau,,2021-01-13,309
Republic of Palau,,2021-01-14,175
Republic of Palau,,2021-01-15,234
Republic of Palau,,2021-01-16,225
Republic of Palau,,2021-01-17,220
Republic of Palau,,2021-01-18,217
Republic of Palau,,2021-01-19,214
Republic of Palau,,2021-01-20,179
Republic of Palau,,2021-01-21,234
Republic of Palau,,2021-01-22,184
Republic of Palau,,2021-01-23,195
Republic of Palau,,2021-01-24,218
Republic of Palau,,2021-01-25,190
Republic of Palau,,2021-01-26,162
Republic of Palau,,2021-01-27,152
Republic of Palau,,2021-01-28,95
Republic of Palau,,2021-01-29,98
Republic of Palau,,2021-01-30,61
Republic of Palau,,2021-01-31,9
Republic of Palau,,2021-02-01,9
Republic of Palau,,2021-02-02,18
Republic of Palau,,2021-02-03,26
Republic of Palau,,2021-02-04,23
Republic of Palau,,2021-02-05,39
Republic of Palau,,2021-02-06,36
Republic of Palau,,2021-02-07,51
Republic of Palau,,2021-02-08,51
Republic of Palau,,2021-02-09,42
Republic of Palau,,2021-02-10,43
Republic of Palau,,2021-02-11,86
Republic of Palau,,2021-02-12,73
Republic of Palau,,2021-02-13,122
Republic of Palau,,2021-02-14,122
Republic of Palau,,2021-02-15,147
Republic of Palau,,2021-02-16,173
Republic of Palau,,2021-02-17,212
Republic of Palau,,2021-02-18,212
Republic of Palau,,2021-02-19,265
Republic of Palau,,2021-02-20,259
Republic of Palau,,2021-02-21,285
Republic of Palau,,2021-02-22,259
Republic of Palau,,2021-02-23,342
Republic of Palau,,2021-02-24,295
Republic of Palau,,2021-02-25,400
Republic of Palau,,2021-02-26,345
Republic of Palau,,2021-02-27,303
Republic of Palau,,2021-02-28,267
Republic of Palau,,2021-03-01,267
Republic of Palau,,2021-03-02,159
Republic of Palau,,2021-03-03,159
Republic of Palau,,2021-03-04,11
Rhode Island,,2021-01-13,2460
Rhode Island,,2021-01-14,2652
Rhode Island,,2021-01-15,2660
Rhode Island,,2021-01-16,2403
Rhode Island,,2021-01-17,2249
Rhode Island,,2021-01-18,2147
Rhode Island,,2021-01-19,2073
Rhode Island,,2021-01-20,2084
Rhode Island,,2021-01-21,2020
Rhode Island,,2021-01-22,2061
Rhode Island,,2021-01-23,2010
Rhode Island,,2021-01-24,2393
Rhode Island,,2021-01-25,2567
Rhode Island,,2021-01-26,2598
Rhode Island,,2021-01-27,2810
Rhode Island,,2021-01-28,3018
Rhode Island,,2021-01-29,3090
Rhode Island,,2021-01-30,3549
Rhode Island,,2021-01-31,3373
Rhode Island,,2021-02-01,3403
Rhode Island,,2021-02-02,3897
Rhode Island,,2021-02-03,3599
Rhode Island,,2021-02-04,3391
Rhode Island,,2021-02-05,3335
Rhode Island,,2021-02-06,3391
Rhode Island,,2021-02-07,3699
Rhode Island,,2021-02-08,3749
Rhode Island,,2021-02-09,3220
Rhode Island,,2021-02-10,3355
Rhode Island,,2021-02-11,3436
Rhode Island,,2021-02-12,3566
Rhode Island,,2021-02-13,3582
Rhode Island,,2021-02-14,3441
Rhode Island,,2021-02-15,3372
Rhode Island,,2021-02-16,3563
Rhode Island,,2021-02-17,3782
Rhode Island,,2021-02-18,4571
Rhode Island,,2021-02-19,7116
Rhode Island,,2021-02-20,7713
Rhode Island,,2021-02-21,8210
Rhode Island,,2021-02-22,8850
Rhode Island,,2021-02-23,9234
Rhode Island,,2021-02-24,9580
Rhode Island,,2021-02-25,9538
Rhode Island,,2021-02-26,7595
Rhode Island,,2021-02-27,7816
Rhode Island,,2021-02-28,8304
Rhode Island,,2021-03-01,9068
Rhode Island,,2021-03-02,9163
Rhode Island,,2021-03-03,9181
Rhode Island,,2021-03-04,9181
South Carolina,,2021-01-13,18812
South Carolina,,2021-01-14,17390
South Carolina,,2021-01-15,13587
South Carolina,,2021-01-16,14274
South Carolina,,2021-01-17,14686
South Carolina,,2021-01-18,14961
South Carolina,,2021-01-19,15157
South Carolina,,2021-01-20,13246
South Carolina,,2021-01-21,13397
South Carolina,,2021-01-22,15309
South Carolina,,2021-01-23,15855
South Carolina,,2021-01-24,17756
South Carolina,,2021-01-25,19501
South Carolina,,2021-01-26,18577
South Carolina,,2021-01-27,19197
South Carolina,,2021-01-28,21474
South Carolina,,2021-01-29,22308
South Carolina,,2021-01-30,22672
South Carolina,,2021-01-31,22964
South Carolina,,2021-02-01,22200
South Carolina,,2021-02-02,21926
South Carolina,,2021-02-03,21745
South Carolina,,2021-02-04,19641
South Carolina,,2021-02-05,19105
South Carolina,,2021-02-06,19288
South Carolina,,2021-02-07,18482
South Carolina,,2021-02-08,17563
South Carolina,,2021-02-09,16428
South Carolina,,2021-02-10,18409
South Carolina,,2021-02-11,18723
South Carolina,,2021-02-12,18640
South Carolina,,2021-02-13,18852
South Carolina,,2021-02-14,19324
South Carolina,,2021-02-15,19377
South Carolina,,2021-02-16,21826
South Carolina,,2021-02-17,21051
South Carolina,,2021-02-18,21374
South Carolina,,2021-02-19,28383
South Carolina,,2021-02-20,29276
South Carolina,,2021-02-21,29498
South Carolina,,2021-02-22,30180
South Carolina,,2021-02-23,28951
South Carolina,,2021-02-24,31183
South Carolina,,2021-02-25,31394
South Carolina,,2021-02-26,25323
South Carolina,,2021-02-27,25456
South Carolina,,2021-02-28,25126
South Carolina,,2021-03-01,26318
South Carolina,,2021-03-02,25988
South Carolina,,2021-03-03,25214
South Carolina,,2021-03-04,29268
South Dakota,,2021-01-13,2014
South Dakota,,2021-01-14,2793
South Dakota,,2021-01-15,2802
South Dakota,,2021-01-16,2352
South Dakota,,2021-01-17,2082
South Dakota,,2021-01-18,1902
South Dakota,,2021-01-19,1774
South Dakota,,2021-01-20,1687
South Dakota,,2021-01-21,1585
South Dakota,,2021-01-22,1934
South Dakota,,2021-01-23,2728
South Dakota,,2021-01-24,3048
South Dakota,,2021-01-25,3200
South Dakota,,2021-01-26,3101
South Dakota,,2021-01-27,3495
South Dakota,,2021-01-28,3771
South Dakota,,2021-01-29,3798
South Dakota,,2021-01-30,3664
South Dakota,,2021-01-31,3646
South Dakota,,2021-02-01,3596
South Dakota,,2021-02-02,3597
South Dakota,,2021-02-03,3426
South Dakota,,2021-02-04,3414
South Dakota,,2021-02-05,3480
South Dakota,,2021-02-06,3535
South Dakota,,2021-02-07,3640
South Dakota,,2021-02-08,3626
South Dakota,,2021-02-09,3604
South Dakota,,2021-02-10,3639
South Dakota,,2021-02-11,3722
South Dakota,,2021-02-12,3868
South Dakota,,2021-02-13,3919
South Dakota,,2021-02-14,4112
South Dakota,,2021-02-15,4069
South Dakota,,2021-02-16,4236
South Dakota,,2021-02-17,4204
South Dakota,,2021-02-18,4206
South Dakota,,2021-02-19,9933
South Dakota,,2021-02-20,10117
South Dakota,,2021-02-21,10357
South Dakota,,2021-02-22,10630
South Dakota,,2021-02-23,10621
South Dakota,,2021-02-24,10978
South Dakota,,2021-02-25,11292
South Dakota,,2021-02-26,5908
South Dakota,,2021-02-27,6206
South Dakota,,2021-02-28,6509
South Dakota,,2021-03-01,6587
South Dakota,,2021-03-02,6478
South Dakota,,2021-03-03,6421
South Dakota,,2021-03-04,6364
Tennessee,,2021-01-13,13456
Tennessee,,2021-01-14,6728
Tennessee,,2021-01-15,17360
Tennessee,,2021-01-16,16050
Tennessee,,2021-01-17,15264
Tennessee,,2021-01-18,14740
Tennessee,,2021-01-19,14365
Tennessee,,2021-01-20,13403
Tennessee,,2021-01-21,15851
Tennessee,,2021-01-22,14037
Tennessee,,2021-01-23,15528
Tennessee,,2021-01-24,17781
Tennessee,,2021-01-25,17565
Tennessee,,2021-01-26,16589
Tennessee,,2021-01-27,18443
Tennessee,,2021-01-28,19197
Tennessee,,2021-01-29,20618
Tennessee,,2021-01-30,21427
Tennessee,,2021-01-31,22453
Tennessee,,2021-02-01,23609
Tennessee,,2021-02-02,23422
Tennessee,,2021-02-03,24312
Tennessee,,2021-02-04,24885
Tennessee,,2021-02-05,24652
Tennessee,,2021-02-06,25451
Tennessee,,2021-02-07,25973
Tennessee,,2021-02-08,25401
Tennessee,,2021-02-09,25742
Tennessee,,2021-02-10,25981
Tennessee,,2021-02-11,26016
Tennessee,,2021-02-12,26161
Tennessee,,2021-02-13,24927
Tennessee,,2021-02-14,25152
Tennessee,,2021-02-15,24902
Tennessee,,2021-02-16,25844
Tennessee,,2021-02-17,22833
Tennessee,,2021-02-18,21143
Tennessee,,2021-02-19,25995
Tennessee,,2021-02-20,24434
Tennessee,,2021-02-21,21434
Tennessee,,2021-02-22,21542
Tennessee,,2021-02-23,20978
Tennessee,,2021-02-24,25211
Tennessee,,2021-02-25,27973
Tennessee,,2021-02-26,24822
Tennessee,,2021-02-27,29100
Tennessee,,2021-02-28,34609
Tennessee,,2021-03-01,37689
Tennessee,,2021-03-02,37967
Tennessee,,2021-03-03,39929
Tennessee,,2021-03-04,40345
Texas,,2021-01-13,66581
Texas,,2021-01-14,66082
Texas,,2021-01-15,82927
Texas,,2021-01-16,77429
Texas,,2021-01-17,74131
Texas,,2021-01-18,71932
Texas,,2021-01-19,70361
Texas,,2021-01-20,70529
Texas,,2021-01-21,71561
Texas,,2021-01-22,69220
Texas,,2021-01-23,72384
Texas,,2021-01-24,68740
Texas,,2021-01-25,65851
Texas,,2021-01-26,73415
Texas,,2021-01-27,71804
Texas,,2021-01-28,80351
Texas,,2021-01-29,82155
Texas,,2021-01-30,87541
Texas,,2021-01-31,92226
Texas,,2021-02-01,98889
Texas,,2021-02-02,82619
Texas,,2021-02-03,96932
Texas,,2021-02-04,99765
Texas,,2021-02-05,101557
Texas,,2021-02-06,109611
Texas,,2021-02-07,119680
Texas,,2021-02-08,117976
Texas,,2021-02-09,134278
Texas,,2021-02-10,130817
Texas,,2021-02-11,129014
Texas,,2021-02-12,134688
Texas,,2021-02-13,128579
Texas,,2021-02-14,126730
Texas,,2021-02-15,124715
Texas,,2021-02-16,117172
Texas,,2021-02-17,106240
Texas,,2021-02-18,89324
Texas,,2021-02-19,95577
Texas,,2021-02-20,86673
Texas,,2021-02-21,77160
Texas,,2021-02-22,73731
Texas,,2021-02-23,77700
Texas,,2021-02-24,87380
Texas,,2021-02-25,110504
Texas,,2021-02-26,104351
Texas,,2021-02-27,111466
Texas,,2021-02-28,127535
Texas,,2021-03-01,123045
Texas,,2021-03-02,165192
Texas,,2021-03-03,181084
Texas,,2021-03-04,181691
United States,USA,2020-12-21,57909
United States,USA,2020-12-22,127432
United States,USA,2020-12-23,150606
United States,USA,2020-12-24,191001
United States,USA,2020-12-25,215238
United States,USA,2020-12-26,231396
United States,USA,2020-12-27,211379
United States,USA,2020-12-28,216147
United States,USA,2020-12-29,235685
United States,USA,2020-12-30,255223
United States,USA,2020-12-31,278776
United States,USA,2021-01-01,302329
United States,USA,2021-01-02,325882
United States,USA,2021-01-03,336949
United States,USA,2021-01-04,348017
United States,USA,2021-01-05,339372
United States,USA,2021-01-06,358887
United States,USA,2021-01-07,378253
United States,USA,2021-01-08,419933
United States,USA,2021-01-09,461263
United States,USA,2021-01-10,546636
United States,USA,2021-01-11,632009
United States,USA,2021-01-12,641524
United States,USA,2021-01-13,710238
United States,USA,2021-01-14,747082
United States,USA,2021-01-15,798707
United States,USA,2021-01-16,811670
United States,USA,2021-01-17,824632
United States,USA,2021-01-18,837595
United States,USA,2021-01-19,911493
United States,USA,2021-01-20,892403
United States,USA,2021-01-21,913912
United States,USA,2021-01-22,975540
United States,USA,2021-01-23,1057387
United States,USA,2021-01-24,1122182
United States,USA,2021-01-25,1126251
United States,USA,2021-01-26,1119058
United States,USA,2021-01-27,1161050
United States,USA,2021-01-28,1235330
United States,USA,2021-01-29,1253815
United States,USA,2021-01-30,1291416
United States,USA,2021-01-31,1324949
United States,USA,2021-02-01,1355451
United States,USA,2021-02-02,1319981
United States,USA,2021-02-03,1317946
United States,USA,2021-02-04,1287147
United States,USA,2021-02-05,1276364
United States,USA,2021-02-06,1351437
United States,USA,2021-02-07,1441091
United States,USA,2021-02-08,1456459
United States,USA,2021-02-09,1489333
United States,USA,2021-02-10,1555959
United States,USA,2021-02-11,1598080
United States,USA,2021-02-12,1655907
United States,USA,2021-02-13,1657703
United States,USA,2021-02-14,1667631
United States,USA,2021-02-15,1662106
United States,USA,2021-02-16,1716311
United States,USA,2021-02-17,1644551
United States,USA,2021-02-18,1621071
United States,USA,2021-02-19,1596355
United States,USA,2021-02-20,1521088
United States,USA,2021-02-21,1458040
United States,USA,2021-02-22,1446445
United States,USA,2021-02-23,1401674
United States,USA,2021-02-24,1454731
United States,USA,2021-02-25,1505193
United States,USA,2021-02-26,1552717
United States,USA,2021-02-27,1645240
United States,USA,2021-02-28,1735053
United States,USA,2021-03-01,1817502
United States,USA,2021-03-02,1942788
United States,USA,2021-03-03,2010790
United States,USA,2021-03-04,2042676
Utah,,2021-01-13,8811
Utah,,2021-01-14,10080
Utah,,2021-01-15,10995
Utah,,2021-01-16,10433
Utah,,2021-01-17,10096
Utah,,2021-01-18,9872
Utah,,2021-01-19,9711
Utah,,2021-01-20,11108
Utah,,2021-01-21,10599
Utah,,2021-01-22,10646
Utah,,2021-01-23,9396
Utah,,2021-01-24,8146
Utah,,2021-01-25,10650
Utah,,2021-01-26,9602
Utah,,2021-01-27,8288
Utah,,2021-01-28,7176
Utah,,2021-01-29,9771
Utah,,2021-01-30,11967
Utah,,2021-01-31,11967
Utah,,2021-02-01,13432
Utah,,2021-02-02,13460
Utah,,2021-02-03,12118
Utah,,2021-02-04,16237
Utah,,2021-02-05,15053
Utah,,2021-02-06,16255
Utah,,2021-02-07,16255
Utah,,2021-02-08,26228
Utah,,2021-02-09,26519
Utah,,2021-02-10,26519
Utah,,2021-02-11,22400
Utah,,2021-02-12,19110
Utah,,2021-02-13,15712
Utah,,2021-02-14,15712
Utah,,2021-02-15,2117
Utah,,2021-02-16,3195
Utah,,2021-02-17,3195
Utah,,2021-02-18,5925
Utah,,2021-02-19,10626
Utah,,2021-02-20,14258
Utah,,2021-02-21,14330
Utah,,2021-02-22,12775
Utah,,2021-02-23,11202
Utah,,2021-02-24,13791
Utah,,2021-02-25,15753
Utah,,2021-02-26,11132
Utah,,2021-02-27,11115
Utah,,2021-02-28,11132
Utah,,2021-03-01,11090
Utah,,2021-03-02,15893
Utah,,2021-03-03,16677
Utah,,2021-03-04,12054
Vermont,,2021-01-13,3814
Vermont,,2021-01-14,1907
Vermont,,2021-01-15,2238
Vermont,,2021-01-16,2185
Vermont,,2021-01-17,2154
Vermont,,2021-01-18,2133
Vermont,,2021-01-19,2118
Vermont,,2021-01-20,1606
Vermont,,2021-01-21,1895
Vermont,,2021-01-22,1997
Vermont,,2021-01-23,2133
Vermont,,2021-01-24,2192
Vermont,,2021-01-25,2153
Vermont,,2021-01-26,1976
Vermont,,2021-01-27,2080
Vermont,,2021-01-28,2291
Vermont,,2021-01-29,2184
Vermont,,2021-01-30,2050
Vermont,,2021-01-31,2187
Vermont,,2021-02-01,2686
Vermont,,2021-02-02,2801
Vermont,,2021-02-03,2763
Vermont,,2021-02-04,2618
Vermont,,2021-02-05,2617
Vermont,,2021-02-06,2745
Vermont,,2021-02-07,2857
Vermont,,2021-02-08,2557
Vermont,,2021-02-09,2717
Vermont,,2021-02-10,2735
Vermont,,2021-02-11,2816
Vermont,,2021-02-12,2855
Vermont,,2021-02-13,2818
Vermont,,2021-02-14,2801
Vermont,,2021-02-15,2937
Vermont,,2021-02-16,3136
Vermont,,2021-02-17,3157
Vermont,,2021-02-18,3039
Vermont,,2021-02-19,3940
Vermont,,2021-02-20,4199
Vermont,,2021-02-21,4337
Vermont,,2021-02-22,4364
Vermont,,2021-02-23,4157
Vermont,,2021-02-24,4144
Vermont,,2021-02-25,4235
Vermont,,2021-02-26,3417
Vermont,,2021-02-27,3545
Vermont,,2021-02-28,3631
Vermont,,2021-03-01,3802
Vermont,,2021-03-02,3925
Vermont,,2021-03-03,4030
Vermont,,2021-03-04,3991
Veterans Health,,2021-01-13,27623
Veterans Health,,2021-01-14,28972
Veterans Health,,2021-01-15,30339
Veterans Health,,2021-01-16,28907
Veterans Health,,2021-01-17,28047
Veterans Health,,2021-01-18,27474
Veterans Health,,2021-01-19,27065
Veterans Health,,2021-01-20,25456
Veterans Health,,2021-01-21,34652
Veterans Health,,2021-01-22,37413
Veterans Health,,2021-01-23,40173
Veterans Health,,2021-01-24,42465
Veterans Health,,2021-01-25,44454
Veterans Health,,2021-01-26,41020
Veterans Health,,2021-01-27,44791
Veterans Health,,2021-01-28,37870
Veterans Health,,2021-01-29,37405
Veterans Health,,2021-01-30,37816
Veterans Health,,2021-01-31,38290
Veterans Health,,2021-02-01,37224
Veterans Health,,2021-02-02,38574
Veterans Health,,2021-02-03,38266
Veterans Health,,2021-02-04,33404
Veterans Health,,2021-02-05,33788
Veterans Health,,2021-02-06,34643
Veterans Health,,2021-02-07,41146
Veterans Health,,2021-02-08,42230
Veterans Health,,2021-02-09,42169
Veterans Health,,2021-02-10,44123
Veterans Health,,2021-02-11,50169
Veterans Health,,2021-02-12,51618
Veterans Health,,2021-02-13,53122
Veterans Health,,2021-02-14,54361
Veterans Health,,2021-02-15,55401
Veterans Health,,2021-02-16,60593
Veterans Health,,2021-02-17,56780
Veterans Health,,2021-02-18,56617
Veterans Health,,2021-02-19,53673
Veterans Health,,2021-02-20,51472
Veterans Health,,2021-02-21,44351
Veterans Health,,2021-02-22,44339
Veterans Health,,2021-02-23,44301
Veterans Health,,2021-02-24,45065
Veterans Health,,2021-02-25,43416
Veterans Health,,2021-02-26,43288
Veterans Health,,2021-02-27,53655
Veterans Health,,2021-02-28,56055
Veterans Health,,2021-03-01,57043
Veterans Health,,2021-03-02,52829
Veterans Health,,2021-03-03,54920
Veterans Health,,2021-03-04,56918
Virgin Islands,,2021-01-13,315
Virgin Islands,,2021-01-14,272
Virgin Islands,,2021-01-15,250
Virgin Islands,,2021-01-16,219
Virgin Islands,,2021-01-17,201
Virgin Islands,,2021-01-18,188
Virgin Islands,,2021-01-19,179
Virgin Islands,,2021-01-20,175
Virgin Islands,,2021-01-21,189
Virgin Islands,,2021-01-22,206
Virgin Islands,,2021-01-23,228
Virgin Islands,,2021-01-24,214
Virgin Islands,,2021-01-25,199
Virgin Islands,,2021-01-26,230
Virgin Islands,,2021-01-27,251
Virgin Islands,,2021-01-28,268
Virgin Islands,,2021-01-29,312
Virgin Islands,,2021-01-30,373
Virgin Islands,,2021-01-31,376
Virgin Islands,,2021-02-01,388
Virgin Islands,,2021-02-02,423
Virgin Islands,,2021-02-03,459
Virgin Islands,,2021-02-04,513
Virgin Islands,,2021-02-05,518
Virgin Islands,,2021-02-06,500
Virgin Islands,,2021-02-07,496
Virgin Islands,,2021-02-08,488
Virgin Islands,,2021-02-09,479
Virgin Islands,,2021-02-10,476
Virgin Islands,,2021-02-11,422
Virgin Islands,,2021-02-12,401
Virgin Islands,,2021-02-13,388
Virgin Islands,,2021-02-14,402
Virgin Islands,,2021-02-15,403
Virgin Islands,,2021-02-16,336
Virgin Islands,,2021-02-17,349
Virgin Islands,,2021-02-18,354
Virgin Islands,,2021-02-19,451
Virgin Islands,,2021-02-20,521
Virgin Islands,,2021-02-21,548
Virgin Islands,,2021-02-22,548
Virgin Islands,,2021-02-23,639
Virgin Islands,,2021-02-24,612
Virgin Islands,,2021-02-25,590
Virgin Islands,,2021-02-26,548
Virgin Islands,,2021-02-27,470
Virgin Islands,,2021-02-28,464
Virgin Islands,,2021-03-01,469
Virgin Islands,,2021-03-02,406
Virgin Islands,,2021-03-03,386
Virgin Islands,,2021-03-04,548
Virginia,,2021-01-13,27229
Virginia,,2021-01-14,13614
Virginia,,2021-01-15,17876
Virginia,,2021-01-16,18573
Virginia,,2021-01-17,18991
Virginia,,2021-01-18,19270
Virginia,,2021-01-19,19470
Virginia,,2021-01-20,17933
Virginia,,2021-01-21,20608
Virginia,,2021-01-22,22459
Virginia,,2021-01-23,23485
Virginia,,2021-01-24,23729
Virginia,,2021-01-25,25249
Virginia,,2021-01-26,38276
Virginia,,2021-01-27,40808
Virginia,,2021-01-28,43758
Virginia,,2021-01-29,46189
Virginia,,2021-01-30,50946
Virginia,,2021-01-31,54508
Virginia,,2021-02-01,55407
Virginia,,2021-02-02,43769
Virginia,,2021-02-03,41989
Virginia,,2021-02-04,40095
Virginia,,2021-02-05,38440
Virginia,,2021-02-06,38094
Virginia,,2021-02-07,38593
Virginia,,2021-02-08,37831
Virginia,,2021-02-09,37197
Virginia,,2021-02-10,37771
Virginia,,2021-02-11,39162
Virginia,,2021-02-12,40141
Virginia,,2021-02-13,39675
Virginia,,2021-02-14,35980
Virginia,,2021-02-15,36818
Virginia,,2021-02-16,38559
Virginia,,2021-02-17,38966
Virginia,,2021-02-18,40084
Virginia,,2021-02-19,52950
Virginia,,2021-02-20,48702
Virginia,,2021-02-21,50009
Virginia,,2021-02-22,48869
Virginia,,2021-02-23,47775
Virginia,,2021-02-24,49057
Virginia,,2021-02-25,49284
Virginia,,2021-02-26,39615
Virginia,,2021-02-27,47360
Virginia,,2021-02-28,54414
Virginia,,2021-03-01,57354
Virginia,,2021-03-02,57929
Virginia,,2021-03-03,59592
Virginia,,2021-03-04,62240
Washington,,2021-01-13,12671
Washington,,2021-01-14,14836
Washington,,2021-01-15,15680
Washington,,2021-01-16,16672
Washington,,2021-01-17,17267
Washington,,2021-01-18,17664
Washington,,2021-01-19,17948
Washington,,2021-01-20,19790
Washington,,2021-01-21,21169
Washington,,2021-01-22,22933
Washington,,2021-01-23,24963
Washington,,2021-01-24,23926
Washington,,2021-01-25,26748
Washington,,2021-01-26,26630
Washington,,2021-01-27,26811
Washington,,2021-01-28,28245
Washington,,2021-01-29,29134
Washington,,2021-01-30,29565
Washington,,2021-01-31,33566
Washington,,2021-02-01,33117
Washington,,2021-02-02,33451
Washington,,2021-02-03,33073
Washington,,2021-02-04,32318
Washington,,2021-02-05,31553
Washington,,2021-02-06,31975
Washington,,2021-02-07,31539
Washington,,2021-02-08,31046
Washington,,2021-02-09,29919
Washington,,2021-02-10,34713
Washington,,2021-02-11,34669
Washington,,2021-02-12,36081
Washington,,2021-02-13,36287
Washington,,2021-02-14,37336
Washington,,2021-02-15,35136
Washington,,2021-02-16,35726
Washington,,2021-02-17,30996
Washington,,2021-02-18,30817
Washington,,2021-02-19,40241
Washington,,2021-02-20,40779
Washington,,2021-02-21,39719
Washington,,2021-02-22,42211
Washington,,2021-02-23,41755
Washington,,2021-02-24,41214
Washington,,2021-02-25,43809
Washington,,2021-02-26,35285
Washington,,2021-02-27,37087
Washington,,2021-02-28,40672
Washington,,2021-03-01,45811
Washington,,2021-03-02,49655
Washington,,2021-03-03,53397
Washington,,2021-03-04,54350
West Virginia,,2021-01-13,7379
West Virginia,,2021-01-14,7665
West Virginia,,2021-01-15,10292
West Virginia,,2021-01-16,8872
West Virginia,,2021-01-17,8020
West Virginia,,2021-01-18,7452
West Virginia,,2021-01-19,7047
West Virginia,,2021-01-20,6845
West Virginia,,2021-01-21,6984
West Virginia,,2021-01-22,6651
West Virginia,,2021-01-23,8004
West Virginia,,2021-01-24,8493
West Virginia,,2021-01-25,7992
West Virginia,,2021-01-26,8262
West Virginia,,2021-01-27,8044
West Virginia,,2021-01-28,8151
West Virginia,,2021-01-29,8457
West Virginia,,2021-01-30,8794
West Virginia,,2021-01-31,8127
West Virginia,,2021-02-01,8048
West Virginia,,2021-02-02,7673
West Virginia,,2021-02-03,7591
West Virginia,,2021-02-04,7450
West Virginia,,2021-02-05,7408
West Virginia,,2021-02-06,8353
West Virginia,,2021-02-07,8896
West Virginia,,2021-02-08,9009
West Virginia,,2021-02-09,9030
West Virginia,,2021-02-10,9216
West Virginia,,2021-02-11,9147
West Virginia,,2021-02-12,8515
West Virginia,,2021-02-13,8749
West Virginia,,2021-02-14,9220
West Virginia,,2021-02-15,9532
West Virginia,,2021-02-16,9461
West Virginia,,2021-02-17,9062
West Virginia,,2021-02-18,8965
West Virginia,,2021-02-19,12741
West Virginia,,2021-02-20,11711
West Virginia,,2021-02-21,10990
West Virginia,,2021-02-22,10783
West Virginia,,2021-02-23,11000
West Virginia,,2021-02-24,11210
West Virginia,,2021-02-25,11715
West Virginia,,2021-02-26,8757
West Virginia,,2021-02-27,9710
West Virginia,,2021-02-28,9826
West Virginia,,2021-03-01,9780
West Virginia,,2021-03-02,9413
West Virginia,,2021-03-03,9568
West Virginia,,2021-03-04,9702
Wisconsin,,2021-01-13,0
Wisconsin,,2021-01-14,6351
Wisconsin,,2021-01-15,10850
Wisconsin,,2021-01-16,10868
Wisconsin,,2021-01-17,10880
Wisconsin,,2021-01-18,10887
Wisconsin,,2021-01-19,10892
Wisconsin,,2021-01-20,12177
Wisconsin,,2021-01-21,12686
Wisconsin,,2021-01-22,13003
Wisconsin,,2021-01-23,14986
Wisconsin,,2021-01-24,16663
Wisconsin,,2021-01-25,16186
Wisconsin,,2021-01-26,14943
Wisconsin,,2021-01-27,16147
Wisconsin,,2021-01-28,17594
Wisconsin,,2021-01-29,20864
Wisconsin,,2021-01-30,23517
Wisconsin,,2021-01-31,26110
Wisconsin,,2021-02-01,28216
Wisconsin,,2021-02-02,29134
Wisconsin,,2021-02-03,30379
Wisconsin,,2021-02-04,26714
Wisconsin,,2021-02-05,26898
Wisconsin,,2021-02-06,26856
Wisconsin,,2021-02-07,35924
Wisconsin,,2021-02-08,35695
Wisconsin,,2021-02-09,35326
Wisconsin,,2021-02-10,35504
Wisconsin,,2021-02-11,39623
Wisconsin,,2021-02-12,38475
Wisconsin,,2021-02-13,39698
Wisconsin,,2021-02-14,30412
Wisconsin,,2021-02-15,30043
Wisconsin,,2021-02-16,31768
Wisconsin,,2021-02-17,30827
Wisconsin,,2021-02-18,30553
Wisconsin,,2021-02-19,38988
Wisconsin,,2021-02-20,38929
Wisconsin,,2021-02-21,39315
Wisconsin,,2021-02-22,39824
Wisconsin,,2021-02-23,38279
Wisconsin,,2021-02-24,38605
Wisconsin,,2021-02-25,39149
Wisconsin,,2021-02-26,31793
Wisconsin,,2021-02-27,33258
Wisconsin,,2021-02-28,34279
Wisconsin,,2021-03-01,35514
Wisconsin,,2021-03-02,37365
Wisconsin,,2021-03-03,38650
Wisconsin,,2021-03-04,40300
Wyoming,,2021-01-13,1327
Wyoming,,2021-01-14,1654
Wyoming,,2021-01-15,2093
Wyoming,,2021-01-16,1902
Wyoming,,2021-01-17,1787
Wyoming,,2021-01-18,1710
Wyoming,,2021-01-19,1656
Wyoming,,2021-01-20,1645
Wyoming,,2021-01-21,1362
Wyoming,,2021-01-22,1686
Wyoming,,2021-01-23,1927
Wyoming,,2021-01-24,2200
Wyoming,,2021-01-25,2061
Wyoming,,2021-01-26,1897
Wyoming,,2021-01-27,2017
Wyoming,,2021-01-28,2017
Wyoming,,2021-01-29,2088
Wyoming,,2021-01-30,1658
Wyoming,,2021-01-31,2317
Wyoming,,2021-02-01,2509
Wyoming,,2021-02-02,2526
Wyoming,,2021-02-03,2479
Wyoming,,2021-02-04,2479
Wyoming,,2021-02-05,2607
Wyoming,,2021-02-06,3242
Wyoming,,2021-02-07,2119
Wyoming,,2021-02-08,2534
Wyoming,,2021-02-09,2491
Wyoming,,2021-02-10,2677
Wyoming,,2021-02-11,2677
Wyoming,,2021-02-12,3103
Wyoming,,2021-02-13,2469
Wyoming,,2021-02-14,3892
Wyoming,,2021-02-15,3312
Wyoming,,2021-02-16,3390
Wyoming,,2021-02-17,2953
Wyoming,,2021-02-18,3702
Wyoming,,2021-02-19,5025
Wyoming,,2021-02-20,5703
Wyoming,,2021-02-21,4339
Wyoming,,2021-02-22,5142
Wyoming,,2021-02-23,5140
Wyoming,,2021-02-24,5169
Wyoming,,2021-02-25,5160
Wyoming,,2021-02-26,3038
Wyoming,,2021-02-27,3218
Wyoming,,2021-02-28,3847
Wyoming,,2021-03-01,3015
Wyoming,,2021-03-02,2945
Wyoming,,2021-03-03,3793
Wyoming,,2021-03-04,3093